SNO,TYPE1,TYPE2,ZIPCODE,SIDO,SIGUNGU,DONG,BUNJITYPE,STARTBUNJI,ENDBUNJI,DRIVER
30415,지청,서울북부지청,1000,서울특별시,강북구,우이동,0,199,337,D-001
30417,지청,서울북부지청,1001,서울특별시,강북구,우이동,0,1,265,D-001
30419,지청,서울북부지청,1002,서울특별시,강북구,우이동,0,3,265,D-001
30421,지청,서울북부지청,1003,서울특별시,강북구,우이동,0,30,267,D-001
30423,지청,서울북부지청,1004,서울특별시,강북구,우이동,0,6,163,D-001
30424,지청,서울북부지청,1005,서울특별시,강북구,우이동,0,44,267,D-001
30425,지청,서울북부지청,1006,서울특별시,강북구,우이동,0,61,345,D-001
30426,지청,서울북부지청,1007,서울특별시,강북구,우이동,0,80,94,D-001
30428,지청,서울북부지청,1008,서울특별시,강북구,우이동,0,73,340,D-001
30430,지청,서울북부지청,1009,서울특별시,강북구,수유동,0,570,576,D-002
30433,지청,서울북부지청,1010,서울특별시,강북구,수유동,0,570,573,D-002
30435,지청,서울북부지청,1011,서울특별시,강북구,수유동,0,279,570,D-002
30436,지청,서울북부지청,1012,서울특별시,강북구,수유동,0,535,643,D-002
30438,지청,서울북부지청,1013,서울특별시,강북구,수유동,1,73,127,D-002
30439,지청,서울북부지청,1014,서울특별시,강북구,수유동,0,535,734,D-002
30440,지청,서울북부지청,1015,서울특별시,강북구,수유동,0,535,563,D-002
30441,지청,서울북부지청,1016,서울특별시,강북구,수유동,0,532,540,D-002
30442,지청,서울북부지청,1017,서울특별시,강북구,수유동,0,531,649,D-002
30444,지청,서울북부지청,1018,서울특별시,강북구,수유동,0,535,535,D-002
30446,지청,서울북부지청,1019,서울특별시,강북구,수유동,0,516,522,D-002
30448,지청,서울북부지청,1020,서울특별시,강북구,수유동,0,527,551,D-002
30449,지청,서울북부지청,1021,서울특별시,강북구,수유동,0,521,527,D-002
30451,지청,서울북부지청,1022,서울특별시,강북구,수유동,0,410,520,D-002
30452,지청,서울북부지청,1023,서울특별시,강북구,수유동,0,409,519,D-002
30453,지청,서울북부지청,1024,서울특별시,강북구,수유동,0,435,518,D-002
30454,지청,서울북부지청,1025,서울특별시,강북구,수유동,0,498,502,D-002
30455,지청,서울북부지청,1026,서울특별시,강북구,수유동,0,279,571,D-002
30456,지청,서울북부지청,1027,서울특별시,강북구,수유동,0,291,566,D-002
30457,지청,서울북부지청,1028,서울특별시,강북구,수유동,0,281,569,D-002
30458,지청,서울북부지청,1029,서울특별시,강북구,수유동,0,277,320,D-002
30459,지청,서울북부지청,1030,서울특별시,강북구,수유동,0,287,605,D-002
30460,지청,서울북부지청,1031,서울특별시,강북구,수유동,0,293,555,D-002
30461,지청,서울북부지청,1032,서울특별시,강북구,수유동,0,553,553,D-002
30462,지청,서울북부지청,1033,서울특별시,강북구,수유동,0,310,553,D-002
30463,지청,서울북부지청,1034,서울특별시,강북구,수유동,0,310,372,D-002
30464,지청,서울북부지청,1035,서울특별시,강북구,수유동,0,355,527,D-002
30465,지청,서울북부지청,1036,서울특별시,강북구,수유동,0,360,625,D-002
30466,지청,서울북부지청,1037,서울특별시,강북구,수유동,0,273,279,D-002
30467,지청,서울북부지청,1038,서울특별시,강북구,수유동,0,268,323,D-002
30468,지청,서울북부지청,1039,서울특별시,강북구,수유동,0,260,729,D-002
30469,지청,서울북부지청,1040,서울특별시,강북구,수유동,0,246,730,D-002
30470,지청,서울북부지청,1041,서울특별시,강북구,수유동,0,186,605,D-002
30471,지청,서울북부지청,1042,서울특별시,강북구,수유동,0,205,648,D-002
30472,지청,서울북부지청,1043,서울특별시,강북구,수유동,0,140,248,D-002
30473,지청,서울북부지청,1044,서울특별시,강북구,수유동,0,269,702,D-002
30475,지청,서울북부지청,1045,서울특별시,강북구,수유동,0,659,727,D-002
30476,지청,서울북부지청,1046,서울특별시,강북구,수유동,0,269,614,D-002
30477,지청,서울북부지청,1047,서울특별시,강북구,수유동,0,252,270,D-002
30478,지청,서울북부지청,1048,서울특별시,강북구,수유동,0,231,256,D-002
30479,지청,서울북부지청,1049,서울특별시,강북구,수유동,0,252,725,D-002
30480,지청,서울북부지청,1050,서울특별시,강북구,수유동,0,662,724,D-002
30481,지청,서울북부지청,1051,서울특별시,강북구,수유동,0,183,738,D-002
30482,지청,서울북부지청,1052,서울특별시,강북구,수유동,0,166,170,D-002
30483,지청,서울북부지청,1053,서울특별시,강북구,수유동,0,171,182,D-002
30484,지청,서울북부지청,1054,서울특별시,강북구,수유동,0,140,177,D-002
30485,지청,서울북부지청,1055,서울특별시,강북구,수유동,0,167,169,D-002
30486,지청,서울북부지청,1056,서울특별시,강북구,번동,0,386,470,D-003
30487,지청,서울북부지청,1057,서울특별시,강북구,번동,0,467,469,D-003
30488,지청,서울북부지청,1058,서울특별시,강북구,번동,0,461,462,D-003
30489,지청,서울북부지청,1059,서울특별시,강북구,번동,0,459,460,D-003
30490,지청,서울북부지청,1060,서울특별시,강북구,번동,0,458,472,D-003
30491,지청,서울북부지청,1061,서울특별시,강북구,번동,0,387,655,D-003
30492,지청,서울북부지청,1062,서울특별시,강북구,번동,0,386,449,D-003
30494,지청,서울북부지청,1063,서울특별시,강북구,번동,0,386,418,D-003
30495,지청,서울북부지청,1064,서울특별시,강북구,번동,0,415,417,D-003
30496,지청,서울북부지청,1065,서울특별시,강북구,번동,0,444,447,D-003
30497,지청,서울북부지청,1066,서울특별시,강북구,번동,0,412,414,D-003
30498,지청,서울북부지청,1067,서울특별시,강북구,번동,0,410,411,D-003
30499,지청,서울북부지청,1068,서울특별시,강북구,번동,0,411,411,D-003
30500,지청,서울북부지청,1069,서울특별시,강북구,번동,0,443,448,D-003
30501,지청,서울북부지청,1070,서울특별시,강북구,수유동,0,188,220,D-004
30502,지청,서울북부지청,1071,서울특별시,강북구,수유동,0,190,193,D-004
30503,지청,서울북부지청,1072,서울특별시,강북구,수유동,0,192,224,D-004
30504,지청,서울북부지청,1073,서울특별시,강북구,수유동,0,140,230,D-004
30505,지청,서울북부지청,1074,서울특별시,강북구,수유동,0,140,191,D-004
30506,지청,서울북부지청,1075,서울특별시,강북구,수유동,0,27,605,D-004
30507,지청,서울북부지청,1076,서울특별시,강북구,수유동,0,28,172,D-004
30508,지청,서울북부지청,1077,서울특별시,강북구,수유동,0,30,143,D-004
30509,지청,서울북부지청,1078,서울특별시,강북구,수유동,0,9,732,D-004
30510,지청,서울북부지청,1079,서울특별시,강북구,수유동,0,8,406,D-004
30511,지청,서울북부지청,1080,서울특별시,강북구,수유동,0,1,134,D-004
30512,지청,서울북부지청,1081,서울특별시,강북구,수유동,0,7,140,D-004
30513,지청,서울북부지청,1082,서울특별시,강북구,수유동,0,118,605,D-004
30514,지청,서울북부지청,1083,서울특별시,강북구,수유동,0,391,605,D-004
30515,지청,서울북부지청,1084,서울특별시,강북구,수유동,0,391,410,D-004
30516,지청,서울북부지청,1085,서울특별시,강북구,수유동,0,409,410,D-004
30517,지청,서울북부지청,1086,서울특별시,강북구,수유동,0,392,397,D-004
30518,지청,서울북부지청,1087,서울특별시,강북구,수유동,0,404,411,D-004
30519,지청,서울북부지청,1088,서울특별시,강북구,수유동,0,409,412,D-004
30520,지청,서울북부지청,1089,서울특별시,강북구,수유동,0,412,430,D-004
30521,지청,서울북부지청,1090,서울특별시,강북구,수유동,0,400,413,D-005
30522,지청,서울북부지청,1091,서울특별시,강북구,수유동,0,442,449,D-005
30523,지청,서울북부지청,1092,서울특별시,강북구,수유동,0,420,445,D-005
30524,지청,서울북부지청,1093,서울특별시,강북구,수유동,0,442,455,D-005
30525,지청,서울북부지청,1094,서울특별시,강북구,수유동,0,442,451,D-005
30526,지청,서울북부지청,1095,서울특별시,강북구,수유동,0,460,492,D-005
30527,지청,서울북부지청,1096,서울특별시,강북구,수유동,0,486,731,D-005
30529,지청,서울북부지청,1097,서울특별시,강북구,수유동,0,461,472,D-005
30530,지청,서울북부지청,1098,서울특별시,강북구,수유동,0,461,472,D-005
30531,지청,서울북부지청,1099,서울특별시,강북구,수유동,0,472,605,D-005
30532,지청,서울북부지청,1100,서울특별시,강북구,수유동,0,468,472,D-005
30533,지청,서울북부지청,1101,서울특별시,강북구,수유동,0,475,486,D-005
30534,지청,서울북부지청,1102,서울특별시,강북구,수유동,0,475,605,D-005
30535,지청,서울북부지청,1103,서울특별시,강북구,수유동,0,70,736,D-005
30536,지청,서울북부지청,1104,서울특별시,강북구,미아동,0,791,830,D-006
30537,지청,서울북부지청,1105,서울특별시,강북구,수유동,0,468,486,D-005
30539,지청,서울북부지청,1106,서울특별시,강북구,수유동,0,484,633,D-005
30541,지청,서울북부지청,1107,서울특별시,강북구,미아동,0,791,1365,D-006
30542,지청,서울북부지청,1108,서울특별시,강북구,미아동,0,791,833,D-006
30543,지청,서울북부지청,1109,서울특별시,강북구,미아동,0,791,791,D-006
30544,지청,서울북부지청,1110,서울특별시,강북구,미아동,0,777,1359,D-006
30545,지청,서울북부지청,1111,서울특별시,강북구,수유동,0,117,472,D-005
30546,지청,서울북부지청,1112,서울특별시,강북구,수유동,0,48,57,D-005
30547,지청,서울북부지청,1113,서울특별시,강북구,수유동,0,48,104,D-005
30548,지청,서울북부지청,1114,서울특별시,강북구,수유동,0,45,733,D-005
30549,지청,서울북부지청,1115,서울특별시,강북구,수유동,0,49,56,D-005
30550,지청,서울북부지청,1116,서울특별시,강북구,수유동,0,55,58,D-005
30551,지청,서울북부지청,1117,서울특별시,강북구,수유동,0,45,55,D-005
30552,지청,서울북부지청,1118,서울특별시,강북구,미아동,0,202,217,D-006
30553,지청,서울북부지청,1119,서울특별시,강북구,미아동,0,218,236,D-006
30554,지청,서울북부지청,1120,서울특별시,강북구,미아동,0,237,796,D-006
30555,지청,서울북부지청,1121,서울특별시,강북구,미아동,0,233,795,D-006
30556,지청,서울북부지청,1122,서울특별시,강북구,미아동,0,777,797,D-006
30557,지청,서울북부지청,1123,서울특별시,강북구,미아동,0,233,791,D-006
30558,지청,서울북부지청,1124,서울특별시,강북구,미아동,0,228,783,D-006
30559,지청,서울북부지청,1125,서울특별시,강북구,미아동,0,206,223,D-006
30560,지청,서울북부지청,1126,서울특별시,강북구,미아동,0,194,226,D-006
30561,지청,서울북부지청,1127,서울특별시,강북구,미아동,0,226,797,D-006
30562,지청,서울북부지청,1128,서울특별시,강북구,미아동,0,160,194,D-006
30563,지청,서울북부지청,1129,서울특별시,강북구,미아동,0,157,162,D-006
30564,지청,서울북부지청,1130,서울특별시,강북구,번동,0,441,762,D-007
30565,지청,서울북부지청,1131,서울특별시,강북구,미아동,0,152,1363,D-006
30566,지청,서울북부지청,1132,서울특별시,강북구,미아동,0,164,192,D-006
30567,지청,서울북부지청,1133,서울특별시,강북구,미아동,0,147,198,D-006
30569,지청,서울북부지청,1134,서울특별시,강북구,번동,0,435,437,D-007
30570,지청,서울북부지청,1135,서울특별시,강북구,번동,0,229,434,D-007
30571,지청,서울북부지청,1136,서울특별시,강북구,번동,0,398,761,D-007
30572,지청,서울북부지청,1137,서울특별시,강북구,번동,0,230,432,D-007
30573,지청,서울북부지청,1138,서울특별시,강북구,번동,0,229,229,D-007
30574,지청,서울북부지청,1139,서울특별시,강북구,번동,0,440,527,D-007
30576,지청,서울북부지청,1141,서울특별시,강북구,미아동,0,198,1358,D-008
30577,지청,서울북부지청,1142,서울특별시,강북구,미아동,0,258,258,D-008
30579,지청,서울북부지청,1143,서울특별시,강북구,번동,0,306,619,D-007
30580,지청,서울북부지청,1144,서울특별시,강북구,번동,0,330,760,D-007
30581,지청,서울북부지청,1145,서울특별시,강북구,번동,0,232,234,D-007
30582,지청,서울북부지청,1146,서울특별시,강북구,번동,0,148,148,D-007
30583,지청,서울북부지청,1147,서울특별시,강북구,번동,0,148,148,D-007
30585,지청,서울북부지청,1148,서울특별시,강북구,번동,0,148,148,D-007
30586,지청,서울북부지청,1149,서울특별시,강북구,번동,0,148,148,D-007
30587,지청,서울북부지청,1150,서울특별시,강북구,번동,0,148,148,D-007
30588,지청,서울북부지청,1151,서울특별시,강북구,번동,0,122,148,D-007
30590,지청,서울북부지청,1152,서울특별시,강북구,미아동,0,258,258,D-008
30591,지청,서울북부지청,1153,서울특별시,강북구,미아동,0,258,258,D-008
30593,지청,서울북부지청,1154,서울특별시,강북구,미아동,0,3,258,D-008
30595,지청,서울북부지청,1155,서울특별시,강북구,미아동,0,1369,1369,D-008
30597,지청,서울북부지청,1156,서울특별시,강북구,미아동,0,3,103,D-008
30598,지청,서울북부지청,1157,서울특별시,강북구,미아동,0,121,1370,D-008
30599,지청,서울북부지청,1158,서울특별시,강북구,미아동,0,126,1362,D-008
30600,지청,서울북부지청,1159,서울특별시,강북구,미아동,0,128,258,D-008
30601,지청,서울북부지청,1160,서울특별시,강북구,미아동,0,128,131,D-008
30602,지청,서울북부지청,1161,서울특별시,강북구,미아동,0,131,231,D-008
30603,지청,서울북부지청,1162,서울특별시,강북구,미아동,0,133,258,D-008
30604,지청,서울북부지청,1163,서울특별시,강북구,미아동,0,3,139,D-008
30605,지청,서울북부지청,1164,서울특별시,강북구,미아동,0,135,1360,D-008
30606,지청,서울북부지청,1165,서울특별시,강북구,미아동,0,94,140,D-008
30607,지청,서울북부지청,1166,서울특별시,강북구,미아동,0,94,139,D-008
30608,지청,서울북부지청,1167,서울특별시,강북구,미아동,0,751,867,D-008
30609,지청,서울북부지청,1168,서울특별시,강북구,미아동,0,300,867,D-008
30610,지청,서울북부지청,1169,서울특별시,강북구,미아동,0,301,309,D-008
30611,지청,서울북부지청,1170,서울특별시,강북구,미아동,0,303,309,D-008
30612,지청,서울북부지청,1171,서울특별시,강북구,미아동,0,310,1351,D-008
30613,지청,서울북부지청,1172,서울특별시,강북구,미아동,0,311,315,D-008
30614,지청,서울북부지청,1173,서울특별시,강북구,미아동,0,312,867,D-009
30615,지청,서울북부지청,1174,서울특별시,강북구,미아동,0,320,734,D-009
30616,지청,서울북부지청,1175,서울특별시,강북구,미아동,0,231,319,D-009
30617,지청,서울북부지청,1176,서울특별시,강북구,미아동,0,321,324,D-009
30618,지청,서울북부지청,1177,서울특별시,강북구,미아동,0,231,328,D-009
30619,지청,서울북부지청,1178,서울특별시,강북구,미아동,0,324,867,D-009
30620,지청,서울북부지청,1179,서울특별시,강북구,미아동,0,329,374,D-009
30621,지청,서울북부지청,1180,서울특별시,강북구,미아동,0,791,867,D-009
30622,지청,서울북부지청,1181,서울특별시,강북구,미아동,0,760,867,D-009
30623,지청,서울북부지청,1182,서울특별시,강북구,미아동,0,791,837,D-009
30624,지청,서울북부지청,1183,서울특별시,강북구,미아동,0,791,837,D-009
30625,지청,서울북부지청,1184,서울특별시,강북구,미아동,0,745,867,D-009
30626,지청,서울북부지청,1185,서울특별시,강북구,미아동,0,791,791,D-009
30627,지청,서울북부지청,1186,서울특별시,강북구,미아동,0,1354,1354,D-009
30628,지청,서울북부지청,1187,서울특별시,강북구,미아동,0,791,1354,D-009
30629,지청,서울북부지청,1188,서울특별시,강북구,미아동,0,791,839,D-009
30630,지청,서울북부지청,1189,서울특별시,강북구,미아동,0,701,1348,D-009
30631,지청,서울북부지청,1190,서울특별시,강북구,미아동,0,791,837,D-009
30633,지청,서울북부지청,1191,서울특별시,강북구,미아동,0,1354,1354,D-009
30634,지청,서울북부지청,1192,서울특별시,강북구,미아동,0,1353,1353,D-009
30635,지청,서울북부지청,1193,서울특별시,강북구,미아동,0,811,1353,D-009
30636,지청,서울북부지청,1194,서울특별시,강북구,미아동,0,684,1346,D-009
30637,지청,서울북부지청,1195,서울특별시,강북구,미아동,0,812,812,D-009
30638,지청,서울북부지청,1196,서울특별시,강북구,미아동,0,1357,1357,D-010
30639,지청,서울북부지청,1197,서울특별시,강북구,미아동,0,811,1357,D-010
30640,지청,서울북부지청,1198,서울특별시,강북구,미아동,0,1267,1357,D-010
30641,지청,서울북부지청,1199,서울특별시,강북구,미아동,0,812,813,D-010
30642,지청,서울북부지청,1200,서울특별시,강북구,미아동,0,813,813,D-010
30643,지청,서울북부지청,1201,서울특별시,강북구,미아동,0,561,860,D-010
30644,지청,서울북부지청,1202,서울특별시,강북구,미아동,0,403,1264,D-010
30645,지청,서울북부지청,1203,서울특별시,강북구,미아동,0,403,1264,D-010
30646,지청,서울북부지청,1204,서울특별시,강북구,미아동,0,375,457,D-010
30647,지청,서울북부지청,1205,서울특별시,강북구,미아동,0,62,863,D-010
30648,지청,서울북부지청,1206,서울특별시,강북구,미아동,0,61,862,D-010
30649,지청,서울북부지청,1207,서울특별시,강북구,미아동,0,416,451,D-010
30650,지청,서울북부지청,1208,서울특별시,강북구,미아동,0,438,1264,D-010
30651,지청,서울북부지청,1209,서울특별시,강북구,미아동,0,636,1261,D-010
30652,지청,서울북부지청,1210,서울특별시,강북구,미아동,0,439,1261,D-010
30653,지청,서울북부지청,1211,서울특별시,강북구,미아동,0,58,864,D-010
30654,지청,서울북부지청,1212,서울특별시,강북구,미아동,0,474,474,D-010
30655,지청,서울북부지청,1213,서울특별시,강북구,미아동,0,461,461,D-010
30656,지청,서울북부지청,1214,서울특별시,강북구,미아동,0,586,1261,D-010
30657,지청,서울북부지청,1215,서울특별시,강북구,미아동,0,66,1364,D-010
30658,지청,서울북부지청,1216,서울특별시,강북구,미아동,0,72,860,D-010
30659,지청,서울북부지청,1217,서울특별시,강북구,미아동,0,75,92,D-010
30660,지청,서울북부지청,1218,서울특별시,강북구,미아동,0,52,855,D-010
30661,지청,서울북부지청,1219,서울특별시,강북구,미아동,0,51,860,D-010
30662,지청,서울북부지청,1220,서울특별시,강북구,미아동,0,35,860,D-010
30663,지청,서울북부지청,1221,서울특별시,강북구,미아동,0,36,860,D-010
30664,지청,서울북부지청,1222,서울특별시,강북구,미아동,0,9,1325,D-010
30665,지청,서울북부지청,1223,서울특별시,강북구,번동,0,138,657,D-007
30666,지청,서울북부지청,1224,서울특별시,강북구,번동,0,155,309,D-007
30667,지청,서울북부지청,1225,서울특별시,강북구,번동,0,237,255,D-007
30668,지청,서울북부지청,1226,서울특별시,강북구,번동,0,165,621,D-007
30669,지청,서울북부지청,1227,서울특별시,강북구,번동,0,130,175,D-007
30671,지청,서울북부지청,1228,서울특별시,강북구,번동,0,90,90,D-007
30672,지청,서울북부지청,1229,서울특별시,강북구,번동,0,241,241,D-007
30673,지청,서울북부지청,1230,서울특별시,강북구,번동,0,242,248,D-007
30674,지청,서울북부지청,1231,서울특별시,강북구,번동,0,58,658,D-007
30675,지청,서울북부지청,1232,서울특별시,강북구,미아동,0,1,4,D-010
30676,지청,서울북부지청,1233,서울특별시,강북구,미아동,0,3,87,D-010
30677,지청,서울북부지청,1234,서울특별시,강북구,미아동,0,5,1356,D-010
30678,지청,서울북부지청,1235,서울특별시,강북구,미아동,0,1355,1355,D-010
30679,지청,서울북부지청,1236,서울특별시,강북구,미아동,0,8,8,D-010
30680,지청,서울북부지청,1237,서울특별시,강북구,미아동,0,5,1356,D-010
30681,지청,서울북부지청,1300,서울특별시,도봉구,도봉동,0,282,553,D-011
30683,지청,서울북부지청,1301,서울특별시,도봉구,도봉동,0,275,386,D-011
30685,지청,서울북부지청,1302,서울특별시,도봉구,도봉동,0,201,559,D-011
30686,지청,서울북부지청,1303,서울특별시,도봉구,도봉동,0,560,574,D-011
30687,지청,서울북부지청,1304,서울특별시,도봉구,도봉동,0,562,576,D-011
30688,지청,서울북부지청,1305,서울특별시,도봉구,도봉동,0,198,592,D-011
30689,지청,서울북부지청,1306,서울특별시,도봉구,도봉동,0,593,595,D-011
30690,지청,서울북부지청,1307,서울특별시,도봉구,도봉동,0,596,600,D-011
30692,지청,서울북부지청,1308,서울특별시,도봉구,도봉동,0,136,602,D-011
30694,지청,서울북부지청,1309,서울특별시,도봉구,도봉동,0,603,637,D-011
30695,지청,서울북부지청,1310,서울특별시,도봉구,도봉동,0,608,618,D-011
30698,지청,서울북부지청,1312,서울특별시,도봉구,도봉동,0,131,607,D-011
30700,지청,서울북부지청,1313,서울특별시,도봉구,도봉동,0,421,591,D-011
30710,지청,서울북부지청,1318,서울특별시,도봉구,도봉동,0,4,647,D-011
30711,지청,서울북부지청,1319,서울특별시,도봉구,도봉동,0,58,656,D-011
30712,지청,서울북부지청,1320,서울특별시,도봉구,도봉동,0,59,654,D-011
30713,지청,서울북부지청,1321,서울특별시,도봉구,도봉동,0,89,655,D-011
30714,지청,서울북부지청,1322,서울특별시,도봉구,도봉동,0,92,642,D-011
30715,지청,서울북부지청,1323,서울특별시,도봉구,도봉동,0,629,643,D-011
30716,지청,서울북부지청,1324,서울특별시,도봉구,도봉동,0,631,641,D-011
30717,지청,서울북부지청,1325,서울특별시,도봉구,도봉동,0,95,657,D-011
30718,지청,서울북부지청,1326,서울특별시,도봉구,도봉동,0,625,625,D-011
30719,지청,서울북부지청,1327,서울특별시,도봉구,도봉동,0,624,624,D-011
30720,지청,서울북부지청,1328,서울특별시,도봉구,도봉동,0,623,637,D-011
30721,지청,서울북부지청,1329,서울특별시,도봉구,도봉동,0,622,622,D-011
30722,지청,서울북부지청,1330,서울특별시,도봉구,도봉동,0,635,641,D-011
30741,지청,서울북부지청,1349,서울특별시,도봉구,도봉동,0,609,637,D-011
30696,지청,서울북부지청,1311,서울특별시,도봉구,방학동,0,155,601,D-012
30702,지청,서울북부지청,1314,서울특별시,도봉구,방학동,0,160,737,D-012
30704,지청,서울북부지청,1315,서울특별시,도봉구,방학동,0,343,617,D-012
30706,지청,서울북부지청,1316,서울특별시,도봉구,방학동,0,307,730,D-012
30708,지청,서울북부지청,1317,서울특별시,도봉구,방학동,0,466,598,D-012
30723,지청,서울북부지청,1331,서울특별시,도봉구,방학동,0,720,720,D-012
30724,지청,서울북부지청,1332,서울특별시,도봉구,방학동,0,716,728,D-012
30725,지청,서울북부지청,1333,서울특별시,도봉구,방학동,0,705,706,D-012
30726,지청,서울북부지청,1334,서울특별시,도봉구,방학동,0,707,708,D-012
30727,지청,서울북부지청,1335,서울특별시,도봉구,방학동,0,713,726,D-012
30728,지청,서울북부지청,1336,서울특별시,도봉구,방학동,0,720,720,D-012
30729,지청,서울북부지청,1337,서울특별시,도봉구,방학동,0,720,720,D-012
30730,지청,서울북부지청,1338,서울특별시,도봉구,방학동,0,722,723,D-012
30731,지청,서울북부지청,1339,서울특별시,도봉구,방학동,0,701,701,D-012
30732,지청,서울북부지청,1340,서울특별시,도봉구,방학동,0,682,726,D-012
30733,지청,서울북부지청,1341,서울특별시,도봉구,방학동,0,684,686,D-012
30734,지청,서울북부지청,1342,서울특별시,도봉구,방학동,0,696,700,D-012
30735,지청,서울북부지청,1343,서울특별시,도봉구,방학동,0,691,726,D-012
30736,지청,서울북부지청,1344,서울특별시,도봉구,방학동,0,689,690,D-012
30737,지청,서울북부지청,1345,서울특별시,도봉구,방학동,0,687,689,D-012
30738,지청,서울북부지청,1346,서울특별시,도봉구,방학동,0,680,681,D-012
30739,지청,서울북부지청,1347,서울특별시,도봉구,방학동,0,621,628,D-012
30740,지청,서울북부지청,1348,서울특별시,도봉구,방학동,0,623,644,D-012
30742,지청,서울북부지청,1350,서울특별시,도봉구,방학동,0,650,653,D-012
30743,지청,서울북부지청,1351,서울특별시,도봉구,방학동,0,649,657,D-013
30744,지청,서울북부지청,1352,서울특별시,도봉구,방학동,0,645,658,D-013
30745,지청,서울북부지청,1353,서울특별시,도봉구,방학동,0,640,659,D-013
30746,지청,서울북부지청,1354,서울특별시,도봉구,방학동,0,636,660,D-013
30747,지청,서울북부지청,1355,서울특별시,도봉구,방학동,0,620,661,D-013
30748,지청,서울북부지청,1356,서울특별시,도봉구,방학동,0,662,666,D-013
30749,지청,서울북부지청,1357,서울특별시,도봉구,방학동,0,302,668,D-013
30750,지청,서울북부지청,1358,서울특별시,도봉구,방학동,0,313,631,D-013
30751,지청,서울북부지청,1359,서울특별시,도봉구,방학동,0,278,740,D-013
30752,지청,서울북부지청,1360,서울특별시,도봉구,방학동,0,465,585,D-013
30754,지청,서울북부지청,1361,서울특별시,도봉구,방학동,0,496,531,D-013
30755,지청,서울북부지청,1362,서울특별시,도봉구,방학동,0,271,498,D-013
30756,지청,서울북부지청,1363,서울특별시,도봉구,방학동,0,734,734,D-013
30757,지청,서울북부지청,1364,서울특별시,도봉구,방학동,0,507,525,D-013
30767,지청,서울북부지청,1373,서울특별시,도봉구,방학동,0,507,508,D-013
30769,지청,서울북부지청,1374,서울특별시,도봉구,방학동,0,734,734,D-013
30779,지청,서울북부지청,1382,서울특별시,도봉구,방학동,0,271,484,D-013
30780,지청,서울북부지청,1383,서울특별시,도봉구,방학동,0,275,731,D-013
30781,지청,서울북부지청,1384,서울특별시,도봉구,방학동,0,274,739,D-013
30784,지청,서울북부지청,1387,서울특별시,도봉구,방학동,0,270,270,D-013
30787,지청,서울북부지청,1389,서울특별시,도봉구,방학동,0,263,741,D-013
30788,지청,서울북부지청,1390,서울특별시,도봉구,방학동,0,673,726,D-013
30794,지청,서울북부지청,1396,서울특별시,도봉구,방학동,0,711,711,D-013
30804,지청,서울북부지청,1406,서울특별시,도봉구,방학동,0,712,712,D-013
30805,지청,서울북부지청,1407,서울특별시,도봉구,방학동,0,724,725,D-013
30758,지청,서울북부지청,1365,서울특별시,도봉구,쌍문동,0,509,533,D-014
30759,지청,서울북부지청,1366,서울특별시,도봉구,쌍문동,0,503,733,D-014
30760,지청,서울북부지청,1367,서울특별시,도봉구,쌍문동,0,427,498,D-014
30761,지청,서울북부지청,1368,서울특별시,도봉구,쌍문동,0,422,728,D-014
30762,지청,서울북부지청,1369,서울특별시,도봉구,쌍문동,0,416,421,D-014
30763,지청,서울북부지청,1370,서울특별시,도봉구,쌍문동,0,358,732,D-014
30764,지청,서울북부지청,1371,서울특별시,도봉구,쌍문동,0,485,524,D-014
30765,지청,서울북부지청,1372,서울특별시,도봉구,쌍문동,0,431,495,D-014
30770,지청,서울북부지청,1375,서울특별시,도봉구,쌍문동,0,262,727,D-014
30771,지청,서울북부지청,1376,서울특별시,도봉구,쌍문동,0,460,460,D-014
30773,지청,서울북부지청,1377,서울특별시,도봉구,쌍문동,0,443,719,D-014
30775,지청,서울북부지청,1378,서울특별시,도봉구,쌍문동,0,286,460,D-014
30776,지청,서울북부지청,1379,서울특별시,도봉구,쌍문동,0,271,309,D-014
30777,지청,서울북부지청,1380,서울특별시,도봉구,쌍문동,0,306,731,D-014
30778,지청,서울북부지청,1381,서울특별시,도봉구,쌍문동,0,304,722,D-014
30782,지청,서울북부지청,1385,서울특별시,도봉구,쌍문동,0,20,206,D-014
30783,지청,서울북부지청,1386,서울특별시,도봉구,쌍문동,0,199,199,D-014
30786,지청,서울북부지청,1388,서울특별시,도봉구,쌍문동,0,53,248,D-014
30789,지청,서울북부지청,1391,서울특별시,도봉구,쌍문동,0,707,711,D-014
30790,지청,서울북부지청,1392,서울특별시,도봉구,쌍문동,0,7,716,D-014
30791,지청,서울북부지청,1393,서울특별시,도봉구,쌍문동,0,8,36,D-014
30792,지청,서울북부지청,1394,서울특별시,도봉구,쌍문동,0,19,723,D-014
30793,지청,서울북부지청,1395,서울특별시,도봉구,쌍문동,0,554,634,D-014
30829,지청,서울북부지청,1429,서울특별시,도봉구,쌍문동,0,59,261,D-015
30831,지청,서울북부지청,1430,서울특별시,도봉구,쌍문동,0,59,59,D-015
30832,지청,서울북부지청,1431,서울특별시,도봉구,쌍문동,0,56,178,D-015
30833,지청,서울북부지청,1432,서울특별시,도봉구,쌍문동,0,57,671,D-015
30834,지청,서울북부지청,1433,서울특별시,도봉구,쌍문동,0,59,176,D-015
30835,지청,서울북부지청,1434,서울특별시,도봉구,쌍문동,0,59,262,D-015
30836,지청,서울북부지청,1435,서울특별시,도봉구,쌍문동,0,59,160,D-015
30838,지청,서울북부지청,1436,서울특별시,도봉구,쌍문동,0,69,707,D-015
30840,지청,서울북부지청,1437,서울특별시,도봉구,쌍문동,0,75,701,D-015
30841,지청,서울북부지청,1438,서울특별시,도봉구,쌍문동,0,150,730,D-015
30842,지청,서울북부지청,1439,서울특별시,도봉구,쌍문동,0,137,137,D-015
30843,지청,서울북부지청,1440,서울특별시,도봉구,쌍문동,0,79,137,D-015
30844,지청,서울북부지청,1441,서울특별시,도봉구,쌍문동,0,128,726,D-015
30845,지청,서울북부지청,1442,서울특별시,도봉구,쌍문동,0,88,143,D-015
30846,지청,서울북부지청,1443,서울특별시,도봉구,쌍문동,0,83,120,D-015
30847,지청,서울북부지청,1444,서울특별시,도봉구,쌍문동,0,117,315,D-015
30848,지청,서울북부지청,1445,서울특별시,도봉구,쌍문동,0,126,343,D-015
30849,지청,서울북부지청,1446,서울특별시,도봉구,쌍문동,0,111,729,D-015
30850,지청,서울북부지청,1447,서울특별시,도봉구,쌍문동,0,96,100,D-015
30851,지청,서울북부지청,1448,서울특별시,도봉구,쌍문동,0,103,103,D-015
30852,지청,서울북부지청,1449,서울특별시,도봉구,쌍문동,0,315,395,D-015
30853,지청,서울북부지청,1450,서울특별시,도봉구,쌍문동,0,346,725,D-015
30854,지청,서울북부지청,1451,서울특별시,도봉구,쌍문동,0,375,724,D-015
30855,지청,서울북부지청,1452,서울특별시,도봉구,쌍문동,0,103,103,D-015
30795,지청,서울북부지청,1397,서울특별시,도봉구,창동,0,224,811,D-016
30796,지청,서울북부지청,1398,서울특별시,도봉구,창동,0,825,825,D-016
30797,지청,서울북부지청,1399,서울특별시,도봉구,창동,0,134,822,D-016
30798,지청,서울북부지청,1400,서울특별시,도봉구,창동,0,135,826,D-016
30799,지청,서울북부지청,1401,서울특별시,도봉구,창동,0,731,823,D-016
30800,지청,서울북부지청,1402,서울특별시,도봉구,창동,0,268,813,D-016
30801,지청,서울북부지청,1403,서울특별시,도봉구,창동,0,258,320,D-016
30802,지청,서울북부지청,1404,서울특별시,도봉구,창동,0,316,316,D-016
30803,지청,서울북부지청,1405,서울특별시,도봉구,창동,0,74,338,D-016
30806,지청,서울북부지청,1408,서울특별시,도봉구,창동,0,181,744,D-016
30807,지청,서울북부지청,1409,서울특별시,도봉구,창동,0,181,827,D-016
30808,지청,서울북부지청,1410,서울특별시,도봉구,창동,0,181,818,D-016
30809,지청,서울북부지청,1411,서울특별시,도봉구,창동,0,1,808,D-016
30810,지청,서울북부지청,1412,서울특별시,도봉구,창동,0,1,1,D-016
30811,지청,서울북부지청,1413,서울특별시,도봉구,창동,0,1,1,D-016
30812,지청,서울북부지청,1414,서울특별시,도봉구,창동,0,3,135,D-016
30813,지청,서울북부지청,1415,서울특별시,도봉구,창동,0,14,18,D-016
30814,지청,서울북부지청,1416,서울특별시,도봉구,창동,0,25,26,D-016
30815,지청,서울북부지청,1417,서울특별시,도봉구,창동,0,27,27,D-016
30816,지청,서울북부지청,1418,서울특별시,도봉구,창동,0,25,33,D-016
30817,지청,서울북부지청,1419,서울특별시,도봉구,창동,0,31,35,D-016
30818,지청,서울북부지청,1420,서울특별시,도봉구,창동,0,29,30,D-016
30819,지청,서울북부지청,1421,서울특별시,도봉구,창동,0,347,347,D-017
30820,지청,서울북부지청,1422,서울특별시,도봉구,창동,0,45,45,D-017
30821,지청,서울북부지청,1423,서울특별시,도봉구,창동,0,52,814,D-017
30822,지청,서울북부지청,1424,서울특별시,도봉구,창동,0,369,378,D-017
30824,지청,서울북부지청,1425,서울특별시,도봉구,창동,0,355,368,D-017
30826,지청,서울북부지청,1426,서울특별시,도봉구,창동,0,715,723,D-017
30827,지청,서울북부지청,1427,서울특별시,도봉구,창동,0,303,715,D-017
30828,지청,서울북부지청,1428,서울특별시,도봉구,창동,0,691,703,D-017
30856,지청,서울북부지청,1453,서울특별시,도봉구,창동,0,661,663,D-017
30857,지청,서울북부지청,1454,서울특별시,도봉구,창동,0,657,703,D-017
30858,지청,서울북부지청,1455,서울특별시,도봉구,창동,0,651,812,D-017
30859,지청,서울북부지청,1456,서울특별시,도봉구,창동,0,664,676,D-017
30860,지청,서울북부지청,1457,서울특별시,도봉구,창동,0,608,674,D-017
30861,지청,서울북부지청,1458,서울특별시,도봉구,창동,0,621,829,D-017
30862,지청,서울북부지청,1459,서울특별시,도봉구,창동,0,621,650,D-017
30863,지청,서울북부지청,1460,서울특별시,도봉구,창동,0,628,828,D-017
30864,지청,서울북부지청,1461,서울특별시,도봉구,창동,0,643,819,D-017
30865,지청,서울북부지청,1462,서울특별시,도봉구,창동,0,630,645,D-017
30866,지청,서울북부지청,1463,서울특별시,도봉구,창동,0,593,609,D-017
30867,지청,서울북부지청,1464,서울특별시,도봉구,창동,0,603,607,D-017
30868,지청,서울북부지청,1465,서울특별시,도봉구,창동,0,804,804,D-017
30869,지청,서울북부지청,1466,서울특별시,도봉구,창동,0,582,632,D-017
30870,지청,서울북부지청,1467,서울특별시,도봉구,창동,0,585,817,D-018
30871,지청,서울북부지청,1468,서울특별시,도봉구,창동,0,582,585,D-018
30872,지청,서울북부지청,1469,서울특별시,도봉구,창동,0,596,804,D-018
30873,지청,서울북부지청,1470,서울특별시,도봉구,창동,0,581,703,D-018
30874,지청,서울북부지청,1471,서울특별시,도봉구,창동,0,578,578,D-018
30875,지청,서울북부지청,1472,서울특별시,도봉구,창동,0,553,809,D-018
30876,지청,서울북부지청,1473,서울특별시,도봉구,창동,0,542,569,D-018
30877,지청,서울북부지청,1474,서울특별시,도봉구,창동,0,446,568,D-018
30878,지청,서울북부지청,1475,서울특별시,도봉구,창동,0,451,466,D-018
30879,지청,서울북부지청,1476,서울특별시,도봉구,창동,0,454,562,D-018
30880,지청,서울북부지청,1477,서울특별시,도봉구,창동,0,516,554,D-018
30881,지청,서울북부지청,1478,서울특별시,도봉구,창동,0,478,550,D-018
30882,지청,서울북부지청,1479,서울특별시,도봉구,창동,0,456,534,D-018
30883,지청,서울북부지청,1480,서울특별시,도봉구,창동,0,465,495,D-018
30884,지청,서울북부지청,1481,서울특별시,도봉구,창동,0,484,824,D-018
30885,지청,서울북부지청,1482,서울특별시,도봉구,창동,0,502,518,D-018
30886,지청,서울북부지청,1483,서울특별시,도봉구,창동,0,665,694,D-018
30887,지청,서울북부지청,1484,서울특별시,도봉구,창동,0,341,350,D-018
30889,지청,서울북부지청,1485,서울특별시,도봉구,창동,0,356,418,D-018
30891,지청,서울북부지청,1486,서울특별시,도봉구,창동,0,410,674,D-018
30892,지청,서울북부지청,1487,서울특별시,도봉구,창동,0,443,810,D-018
30894,지청,서울북부지청,1488,서울특별시,도봉구,창동,0,57,380,D-018
30896,지청,서울북부지청,1489,서울특별시,도봉구,창동,0,35,795,D-018
31120,지청,서울북부지청,1793,서울특별시,노원구,공릉동,0,141,170,D-019
31122,지청,서울북부지청,1794,서울특별시,노원구,공릉동,0,26,26,D-019
31124,지청,서울북부지청,1795,서울특별시,노원구,공릉동,0,26,26,D-019
31125,지청,서울북부지청,1796,서울특별시,노원구,공릉동,0,1,26,D-019
31127,지청,서울북부지청,1797,서울특별시,노원구,공릉동,0,27,126,D-019
31128,지청,서울북부지청,1798,서울특별시,노원구,공릉동,0,106,106,D-019
31129,지청,서울북부지청,1799,서울특별시,노원구,공릉동,0,108,109,D-019
31130,지청,서울북부지청,1800,서울특별시,노원구,공릉동,0,110,112,D-019
31131,지청,서울북부지청,1801,서울특별시,노원구,공릉동,0,107,123,D-019
31132,지청,서울북부지청,1802,서울특별시,노원구,공릉동,0,29,29,D-019
31133,지청,서울북부지청,1803,서울특별시,노원구,공릉동,0,644,657,D-019
31134,지청,서울북부지청,1804,서울특별시,노원구,공릉동,0,63,742,D-019
31135,지청,서울북부지청,1805,서울특별시,노원구,공릉동,0,29,101,D-019
31143,지청,서울북부지청,1811,서울특별시,노원구,공릉동,0,172,172,D-019
31145,지청,서울북부지청,1812,서울특별시,노원구,공릉동,0,215,215,D-019
31146,지청,서울북부지청,1813,서울특별시,노원구,공릉동,0,743,743,D-019
31147,지청,서울북부지청,1814,서울특별시,노원구,공릉동,0,208,705,D-019
31148,지청,서울북부지청,1815,서울특별시,노원구,공릉동,0,217,754,D-019
31149,지청,서울북부지청,1816,서울특별시,노원구,공릉동,0,737,737,D-019
31150,지청,서울북부지청,1817,서울특별시,노원구,공릉동,0,77,254,D-020
31151,지청,서울북부지청,1818,서울특별시,노원구,공릉동,0,221,756,D-020
31152,지청,서울북부지청,1819,서울특별시,노원구,공릉동,0,237,746,D-020
31153,지청,서울북부지청,1820,서울특별시,노원구,공릉동,0,81,81,D-020
31154,지청,서울북부지청,1821,서울특별시,노원구,공릉동,0,95,254,D-020
31155,지청,서울북부지청,1822,서울특별시,노원구,공릉동,0,91,91,D-020
31156,지청,서울북부지청,1823,서울특별시,노원구,공릉동,0,87,250,D-020
31157,지청,서울북부지청,1824,서울특별시,노원구,공릉동,0,240,333,D-020
31158,지청,서울북부지청,1825,서울특별시,노원구,공릉동,0,269,755,D-020
31159,지청,서울북부지청,1826,서울특별시,노원구,공릉동,0,240,329,D-020
31160,지청,서울북부지청,1827,서울특별시,노원구,공릉동,0,89,90,D-020
31161,지청,서울북부지청,1828,서울특별시,노원구,공릉동,0,240,270,D-020
31165,지청,서울북부지청,1832,서울특별시,노원구,공릉동,0,172,481,D-020
31166,지청,서울북부지청,1833,서울특별시,노원구,공릉동,0,428,759,D-020
31167,지청,서울북부지청,1834,서울특별시,노원구,공릉동,0,401,741,D-020
31168,지청,서울북부지청,1835,서울특별시,노원구,공릉동,0,350,418,D-020
31169,지청,서울북부지청,1836,서울특별시,노원구,공릉동,0,339,740,D-020
31170,지청,서울북부지청,1837,서울특별시,노원구,공릉동,0,320,351,D-020
31171,지청,서울북부지청,1838,서울특별시,노원구,공릉동,0,713,739,D-020
31172,지청,서울북부지청,1839,서울특별시,노원구,공릉동,0,362,738,D-020
31173,지청,서울북부지청,1840,서울특별시,노원구,공릉동,0,375,386,D-021
31174,지청,서울북부지청,1841,서울특별시,노원구,공릉동,0,370,389,D-021
31175,지청,서울북부지청,1842,서울특별시,노원구,공릉동,0,392,395,D-021
31176,지청,서울북부지청,1843,서울특별시,노원구,공릉동,0,503,509,D-021
31177,지청,서울북부지청,1844,서울특별시,노원구,공릉동,0,499,552,D-021
31178,지청,서울북부지청,1845,서울특별시,노원구,공릉동,0,517,567,D-021
31179,지청,서울북부지청,1846,서울특별시,노원구,공릉동,0,556,561,D-021
31180,지청,서울북부지청,1847,서울특별시,노원구,공릉동,0,586,752,D-021
31181,지청,서울북부지청,1848,서울특별시,노원구,공릉동,0,577,596,D-021
31182,지청,서울북부지청,1849,서울특별시,노원구,공릉동,0,616,678,D-021
31183,지청,서울북부지청,1850,서울특별시,노원구,공릉동,0,707,725,D-021
31184,지청,서울북부지청,1851,서울특별시,노원구,공릉동,0,708,727,D-021
31185,지청,서울북부지청,1852,서울특별시,노원구,공릉동,0,323,753,D-021
31186,지청,서울북부지청,1853,서울특별시,노원구,공릉동,0,312,757,D-021
31187,지청,서울북부지청,1854,서울특별시,노원구,공릉동,0,715,715,D-021
31188,지청,서울북부지청,1855,서울특별시,노원구,공릉동,0,690,690,D-021
31189,지청,서울북부지청,1856,서울특별시,노원구,공릉동,0,404,571,D-021
31190,지청,서울북부지청,1857,서울특별시,노원구,공릉동,0,398,569,D-021
31191,지청,서울북부지청,1858,서울특별시,노원구,공릉동,0,575,598,D-021
31192,지청,서울북부지청,1859,서울특별시,노원구,공릉동,0,573,751,D-021
31193,지청,서울북부지청,1860,서울특별시,노원구,공릉동,0,609,684,D-021
31194,지청,서울북부지청,1861,서울특별시,노원구,공릉동,0,610,687,D-021
30897,지청,서울북부지청,1600,서울특별시,노원구,상계동,0,1312,1312,D-022
30898,지청,서울북부지청,1601,서울특별시,노원구,상계동,0,1313,1316,D-022
30899,지청,서울북부지청,1602,서울특별시,노원구,상계동,0,1171,1254,D-022
30900,지청,서울북부지청,1603,서울특별시,노원구,상계동,0,1255,1255,D-022
30901,지청,서울북부지청,1604,서울특별시,노원구,상계동,0,1132,1262,D-022
30902,지청,서울북부지청,1605,서울특별시,노원구,상계동,0,1118,1297,D-022
30903,지청,서울북부지청,1606,서울특별시,노원구,상계동,0,1098,1296,D-022
30904,지청,서울북부지청,1607,서울특별시,노원구,상계동,0,1118,1132,D-022
30905,지청,서울북부지청,1608,서울특별시,노원구,상계동,0,1049,1118,D-022
30906,지청,서울북부지청,1609,서울특별시,노원구,상계동,0,1101,1107,D-022
30907,지청,서울북부지청,1610,서울특별시,노원구,상계동,0,1071,1301,D-022
30908,지청,서울북부지청,1611,서울특별시,노원구,상계동,0,1048,1102,D-022
30909,지청,서울북부지청,1612,서울특별시,노원구,상계동,0,1049,1103,D-022
30910,지청,서울북부지청,1613,서울특별시,노원구,상계동,0,1027,1118,D-022
30911,지청,서울북부지청,1614,서울특별시,노원구,상계동,0,1054,1271,D-022
30912,지청,서울북부지청,1615,서울특별시,노원구,상계동,0,922,1302,D-022
30913,지청,서울북부지청,1616,서울특별시,노원구,상계동,0,962,1040,D-022
30914,지청,서울북부지청,1617,서울특별시,노원구,상계동,0,624,624,D-022
30915,지청,서울북부지청,1618,서울특별시,노원구,상계동,0,620,624,D-022
30916,지청,서울북부지청,1619,서울특별시,노원구,상계동,0,652,659,D-022
30917,지청,서울북부지청,1620,서울특별시,노원구,상계동,0,650,651,D-022
30918,지청,서울북부지청,1621,서울특별시,노원구,상계동,0,1167,1264,D-023
30920,지청,서울북부지청,1622,서울특별시,노원구,상계동,0,9,1250,D-023
30922,지청,서울북부지청,1623,서울특별시,노원구,상계동,0,1265,1266,D-023
30923,지청,서울북부지청,1624,서울특별시,노원구,상계동,0,1263,1269,D-023
30924,지청,서울북부지청,1625,서울특별시,노원구,상계동,0,1115,1132,D-023
30925,지청,서울북부지청,1626,서울특별시,노원구,상계동,0,996,1317,D-023
30926,지청,서울북부지청,1627,서울특별시,노원구,상계동,0,996,1278,D-023
30928,지청,서울북부지청,1628,서울특별시,노원구,상계동,0,995,1011,D-023
30929,지청,서울북부지청,1629,서울특별시,노원구,상계동,0,994,1307,D-023
30930,지청,서울북부지청,1630,서울특별시,노원구,상계동,0,1019,1306,D-023
30932,지청,서울북부지청,1631,서울특별시,노원구,상계동,0,964,1295,D-023
30933,지청,서울북부지청,1632,서울특별시,노원구,상계동,0,1,152,D-023
30935,지청,서울북부지청,1633,서울특별시,노원구,상계동,0,5,63,D-023
30937,지청,서울북부지청,1634,서울특별시,노원구,상계동,0,50,1320,D-023
30938,지청,서울북부지청,1635,서울특별시,노원구,상계동,0,111,111,D-023
30939,지청,서울북부지청,1636,서울특별시,노원구,상계동,0,58,113,D-023
30941,지청,서울북부지청,1637,서울특별시,노원구,상계동,0,65,111,D-023
30942,지청,서울북부지청,1638,서울특별시,노원구,상계동,0,65,1321,D-023
30943,지청,서울북부지청,1639,서울특별시,노원구,상계동,0,58,142,D-023
30945,지청,서울북부지청,1640,서울특별시,노원구,상계동,0,83,140,D-023
30946,지청,서울북부지청,1641,서울특별시,노원구,상계동,0,5,71,D-023
30948,지청,서울북부지청,1642,서울특별시,노원구,상계동,0,71,72,D-024
30950,지청,서울북부지청,1643,서울특별시,노원구,상계동,0,37,111,D-024
30951,지청,서울북부지청,1644,서울특별시,노원구,상계동,0,68,77,D-024
30953,지청,서울북부지청,1645,서울특별시,노원구,상계동,0,107,1275,D-024
30955,지청,서울북부지청,1646,서울특별시,노원구,상계동,0,76,1294,D-024
30956,지청,서울북부지청,1647,서울특별시,노원구,상계동,0,96,1286,D-024
30957,지청,서울북부지청,1648,서울특별시,노원구,상계동,0,79,1292,D-024
30958,지청,서울북부지청,1649,서울특별시,노원구,상계동,0,1289,1290,D-024
30959,지청,서울북부지청,1650,서울특별시,노원구,상계동,0,1276,1276,D-024
30960,지청,서울북부지청,1651,서울특별시,노원구,상계동,0,463,463,D-024
30961,지청,서울북부지청,1652,서울특별시,노원구,상계동,0,134,1270,D-024
30962,지청,서울북부지청,1653,서울특별시,노원구,상계동,0,134,135,D-024
30963,지청,서울북부지청,1654,서울특별시,노원구,상계동,0,458,463,D-024
30964,지청,서울북부지청,1655,서울특별시,노원구,상계동,0,135,456,D-024
30965,지청,서울북부지청,1656,서울특별시,노원구,상계동,0,451,456,D-024
30966,지청,서울북부지청,1657,서울특별시,노원구,상계동,0,134,149,D-024
30967,지청,서울북부지청,1658,서울특별시,노원구,상계동,0,137,142,D-024
30968,지청,서울북부지청,1659,서울특별시,노원구,상계동,0,138,142,D-024
30969,지청,서울북부지청,1660,서울특별시,노원구,상계동,0,140,156,D-024
30970,지청,서울북부지청,1661,서울특별시,노원구,상계동,0,172,172,D-024
30972,지청,서울북부지청,1663,서울특별시,노원구,상계동,0,156,173,D-025
30973,지청,서울북부지청,1664,서울특별시,노원구,상계동,0,155,156,D-025
30974,지청,서울북부지청,1665,서울특별시,노원구,상계동,0,143,156,D-025
30975,지청,서울북부지청,1666,서울특별시,노원구,상계동,0,135,451,D-025
30976,지청,서울북부지청,1667,서울특별시,노원구,상계동,0,153,169,D-025
30977,지청,서울북부지청,1668,서울특별시,노원구,상계동,0,155,169,D-025
30978,지청,서울북부지청,1669,서울특별시,노원구,상계동,0,626,630,D-025
30979,지청,서울북부지청,1670,서울특별시,노원구,상계동,0,632,993,D-025
30981,지청,서울북부지청,1671,서울특별시,노원구,상계동,0,638,640,D-025
30982,지청,서울북부지청,1672,서울특별시,노원구,상계동,0,635,645,D-025
30984,지청,서울북부지청,1673,서울특별시,노원구,상계동,0,647,647,D-025
30985,지청,서울북부지청,1674,서울특별시,노원구,상계동,0,649,650,D-025
30986,지청,서울북부지청,1675,서울특별시,노원구,상계동,0,664,856,D-025
30987,지청,서울북부지청,1676,서울특별시,노원구,상계동,0,670,673,D-025
30988,지청,서울북부지청,1677,서울특별시,노원구,상계동,0,678,678,D-025
30989,지청,서울북부지청,1678,서울특별시,노원구,상계동,0,401,688,D-025
30990,지청,서울북부지청,1679,서울특별시,노원구,상계동,0,406,1283,D-025
30991,지청,서울북부지청,1680,서울특별시,노원구,상계동,0,407,449,D-025
30992,지청,서울북부지청,1681,서울특별시,노원구,상계동,0,167,439,D-025
30993,지청,서울북부지청,1682,서울특별시,노원구,상계동,0,169,389,D-025
30994,지청,서울북부지청,1683,서울특별시,노원구,상계동,0,169,173,D-025
30995,지청,서울북부지청,1684,서울특별시,노원구,상계동,0,169,1318,D-026
30996,지청,서울북부지청,1685,서울특별시,노원구,상계동,0,365,436,D-026
30997,지청,서울북부지청,1686,서울특별시,노원구,상계동,0,820,820,D-026
30998,지청,서울북부지청,1687,서울특별시,노원구,상계동,0,694,697,D-026
30999,지청,서울북부지청,1688,서울특별시,노원구,상계동,0,580,694,D-026
31000,지청,서울북부지청,1689,서울특별시,노원구,상계동,0,700,739,D-026
31001,지청,서울북부지청,1690,서울특별시,노원구,상계동,0,692,692,D-026
31002,지청,서울북부지청,1691,서울특별시,노원구,상계동,0,364,1251,D-026
31003,지청,서울북부지청,1692,서울특별시,노원구,상계동,0,348,1305,D-026
31004,지청,서울북부지청,1693,서울특별시,노원구,상계동,0,336,1310,D-026
31005,지청,서울북부지청,1694,서울특별시,노원구,상계동,0,689,694,D-026
31006,지청,서울북부지청,1695,서울특별시,노원구,상계동,0,292,719,D-026
31007,지청,서울북부지청,1696,서울특별시,노원구,상계동,0,177,1319,D-026
31008,지청,서울북부지청,1697,서울특별시,노원구,상계동,0,176,1299,D-026
31009,지청,서울북부지청,1698,서울특별시,노원구,상계동,0,173,1284,D-026
31010,지청,서울북부지청,1699,서울특별시,노원구,상계동,0,173,173,D-026
31014,지청,서울북부지청,1702,서울특별시,노원구,상계동,0,180,1300,D-026
31015,지청,서울북부지청,1703,서울특별시,노원구,상계동,0,178,1282,D-026
31016,지청,서울북부지청,1704,서울특별시,노원구,상계동,0,180,1279,D-026
31017,지청,서울북부지청,1705,서울특별시,노원구,상계동,0,193,1309,D-026
31076,지청,서울북부지청,1751,서울특별시,노원구,상계동,0,719,729,D-026
31077,지청,서울북부지청,1752,서울특별시,노원구,상계동,0,719,723,D-026
31078,지청,서울북부지청,1753,서울특별시,노원구,상계동,0,721,721,D-026
31079,지청,서울북부지청,1754,서울특별시,노원구,상계동,0,757,757,D-026
31080,지청,서울북부지청,1755,서울특별시,노원구,상계동,0,751,755,D-026
31081,지청,서울북부지청,1756,서울특별시,노원구,상계동,0,747,749,D-026
31082,지청,서울북부지청,1757,서울특별시,노원구,상계동,0,205,761,D-026
31086,지청,서울북부지청,1761,서울특별시,노원구,상계동,0,737,738,D-026
31087,지청,서울북부지청,1762,서울특별시,노원구,상계동,0,729,747,D-026
31088,지청,서울북부지청,1763,서울특별시,노원구,상계동,0,746,747,D-026
31089,지청,서울북부지청,1764,서울특별시,노원구,상계동,0,740,743,D-026
31090,지청,서울북부지청,1765,서울특별시,노원구,상계동,0,767,768,D-026
31091,지청,서울북부지청,1766,서울특별시,노원구,상계동,0,765,765,D-026
31092,지청,서울북부지청,1767,서울특별시,노원구,상계동,0,747,764,D-026
31094,지청,서울북부지청,1769,서울특별시,노원구,상계동,0,766,766,D-026
31095,지청,서울북부지청,1770,서울특별시,노원구,상계동,0,767,770,D-026
31097,지청,서울북부지청,1772,서울특별시,노원구,상계동,0,711,1322,D-026
31197,지청,서울북부지청,1864,서울특별시,노원구,월계동,0,320,320,D-027
31198,지청,서울북부지청,1865,서울특별시,노원구,월계동,0,320,320,D-027
31199,지청,서울북부지청,1866,서울특별시,노원구,월계동,0,748,950,D-027
31201,지청,서울북부지청,1867,서울특별시,노원구,월계동,0,263,946,D-027
31203,지청,서울북부지청,1868,서울특별시,노원구,월계동,0,775,777,D-027
31204,지청,서울북부지청,1869,서울특별시,노원구,월계동,0,766,774,D-027
31206,지청,서울북부지청,1870,서울특별시,노원구,월계동,0,799,923,D-027
31208,지청,서울북부지청,1871,서울특별시,노원구,월계동,0,898,939,D-027
31209,지청,서울북부지청,1872,서울특별시,노원구,월계동,0,900,945,D-027
31210,지청,서울북부지청,1873,서울특별시,노원구,월계동,0,803,900,D-027
31211,지청,서울북부지청,1874,서울특별시,노원구,월계동,0,778,820,D-027
31212,지청,서울북부지청,1875,서울특별시,노원구,월계동,0,780,780,D-027
31213,지청,서울북부지청,1876,서울특별시,노원구,월계동,0,781,781,D-027
31214,지청,서울북부지청,1877,서울특별시,노원구,월계동,0,602,602,D-027
31215,지청,서울북부지청,1878,서울특별시,노원구,월계동,0,648,648,D-027
31216,지청,서울북부지청,1879,서울특별시,노원구,월계동,0,633,633,D-027
31217,지청,서울북부지청,1880,서울특별시,노원구,월계동,0,556,600,D-027
31218,지청,서울북부지청,1881,서울특별시,노원구,월계동,0,556,581,D-027
31219,지청,서울북부지청,1882,서울특별시,노원구,월계동,0,554,620,D-027
31220,지청,서울북부지청,1883,서울특별시,노원구,월계동,0,845,947,D-027
31221,지청,서울북부지청,1884,서울특별시,노원구,월계동,0,540,936,D-027
31223,지청,서울북부지청,1885,서울특별시,노원구,월계동,0,288,942,D-027
31225,지청,서울북부지청,1886,서울특별시,노원구,월계동,0,85,414,D-027
31226,지청,서울북부지청,1887,서울특별시,노원구,월계동,0,363,941,D-027
31228,지청,서울북부지청,1888,서울특별시,노원구,월계동,0,508,874,D-027
31230,지청,서울북부지청,1889,서울특별시,노원구,월계동,0,949,949,D-028
31231,지청,서울북부지청,1890,서울특별시,노원구,월계동,0,466,505,D-028
31232,지청,서울북부지청,1891,서울특별시,노원구,월계동,0,382,516,D-028
31233,지청,서울북부지청,1892,서울특별시,노원구,월계동,0,378,391,D-028
31234,지청,서울북부지청,1893,서울특별시,노원구,월계동,0,383,412,D-028
31235,지청,서울북부지청,1894,서울특별시,노원구,월계동,0,383,926,D-028
31236,지청,서울북부지청,1895,서울특별시,노원구,월계동,0,36,68,D-028
31237,지청,서울북부지청,1896,서울특별시,노원구,월계동,0,403,943,D-028
31238,지청,서울북부지청,1897,서울특별시,노원구,월계동,0,447,447,D-028
31239,지청,서울북부지청,1898,서울특별시,노원구,월계동,0,469,496,D-028
31240,지청,서울북부지청,1899,서울특별시,노원구,월계동,0,438,480,D-028
31241,지청,서울북부지청,1900,서울특별시,노원구,월계동,0,68,479,D-028
31242,지청,서울북부지청,1901,서울특별시,노원구,월계동,0,73,929,D-028
31243,지청,서울북부지청,1902,서울특별시,노원구,월계동,0,47,489,D-028
31244,지청,서울북부지청,1903,서울특별시,노원구,월계동,0,54,491,D-028
31245,지청,서울북부지청,1904,서울특별시,노원구,월계동,0,42,495,D-028
31246,지청,서울북부지청,1905,서울특별시,노원구,월계동,0,321,321,D-028
31247,지청,서울북부지청,1906,서울특별시,노원구,월계동,0,322,333,D-028
31248,지청,서울북부지청,1907,서울특별시,노원구,월계동,0,322,322,D-028
31249,지청,서울북부지청,1909,서울특별시,노원구,월계동,0,12,13,D-028
31250,지청,서울북부지청,1910,서울특별시,노원구,월계동,0,85,922,D-028
31251,지청,서울북부지청,1911,서울특별시,노원구,월계동,0,3,17,D-028
31252,지청,서울북부지청,1912,서울특별시,노원구,월계동,0,1,1,D-028
31253,지청,서울북부지청,1913,서울특별시,노원구,월계동,0,18,110,D-028
31254,지청,서울북부지청,1914,서울특별시,노원구,월계동,0,21,944,D-028
30971,지청,서울북부지청,1662,서울특별시,노원구,중계동,0,137,606,D-029
31012,지청,서울북부지청,1700,서울특별시,노원구,중계동,0,210,435,D-029
31013,지청,서울북부지청,1701,서울특별시,노원구,중계동,0,434,445,D-029
31018,지청,서울북부지청,1706,서울특별시,노원구,중계동,0,588,588,D-029
31019,지청,서울북부지청,1707,서울특별시,노원구,중계동,0,210,592,D-029
31020,지청,서울북부지청,1708,서울특별시,노원구,중계동,0,413,590,D-029
31021,지청,서울북부지청,1709,서울특별시,노원구,중계동,0,587,587,D-029
31022,지청,서울북부지청,1710,서울특별시,노원구,중계동,0,580,580,D-029
31023,지청,서울북부지청,1711,서울특별시,노원구,중계동,0,358,391,D-029
31024,지청,서울북부지청,1712,서울특별시,노원구,중계동,0,358,358,D-029
31025,지청,서울북부지청,1713,서울특별시,노원구,중계동,0,359,411,D-029
31026,지청,서울북부지청,1714,서울특별시,노원구,중계동,0,359,391,D-029
31027,지청,서울북부지청,1715,서울특별시,노원구,중계동,0,132,602,D-029
31028,지청,서울북부지청,1716,서울특별시,노원구,중계동,0,131,597,D-029
31030,지청,서울북부지청,1717,서울특별시,노원구,중계동,0,129,599,D-029
31031,지청,서울북부지청,1718,서울특별시,노원구,중계동,0,369,369,D-029
31032,지청,서울북부지청,1719,서울특별시,노원구,중계동,0,368,368,D-029
31034,지청,서울북부지청,1720,서울특별시,노원구,중계동,0,366,391,D-029
31035,지청,서울북부지청,1721,서울특별시,노원구,중계동,0,103,368,D-029
31037,지청,서울북부지청,1722,서울특별시,노원구,중계동,0,75,113,D-029
31039,지청,서울북부지청,1723,서울특별시,노원구,중계동,0,3,605,D-029
31041,지청,서울북부지청,1724,서울특별시,노원구,중계동,0,81,579,D-029
31042,지청,서울북부지청,1725,서울특별시,노원구,중계동,0,55,583,D-030
31043,지청,서울북부지청,1726,서울특별시,노원구,중계동,0,34,62,D-030
31044,지청,서울북부지청,1727,서울특별시,노원구,중계동,0,43,598,D-030
31046,지청,서울북부지청,1728,서울특별시,노원구,중계동,0,27,42,D-030
31047,지청,서울북부지청,1729,서울특별시,노원구,중계동,0,12,39,D-030
31049,지청,서울북부지청,1730,서울특별시,노원구,중계동,0,20,30,D-030
31051,지청,서울북부지청,1731,서울특별시,노원구,중계동,0,22,26,D-030
31053,지청,서울북부지청,1732,서울특별시,노원구,중계동,0,26,28,D-030
31056,지청,서울북부지청,1733,서울특별시,노원구,중계동,0,26,26,D-030
31057,지청,서울북부지청,1734,서울특별시,노원구,중계동,0,364,391,D-030
31058,지청,서울북부지청,1735,서울특별시,노원구,중계동,0,364,364,D-030
31059,지청,서울북부지청,1736,서울특별시,노원구,중계동,0,84,364,D-030
31060,지청,서울북부지청,1737,서울특별시,노원구,중계동,0,364,364,D-030
31061,지청,서울북부지청,1738,서울특별시,노원구,중계동,0,363,363,D-030
31062,지청,서울북부지청,1739,서울특별시,노원구,중계동,0,363,363,D-030
31063,지청,서울북부지청,1740,서울특별시,노원구,중계동,0,30,600,D-030
31065,지청,서울북부지청,1741,서울특별시,노원구,중계동,0,360,360,D-030
31066,지청,서울북부지청,1742,서울특별시,노원구,중계동,0,360,360,D-030
31067,지청,서울북부지청,1743,서울특별시,노원구,중계동,0,360,391,D-030
31068,지청,서울북부지청,1744,서울특별시,노원구,중계동,0,360,360,D-030
31069,지청,서울북부지청,1745,서울특별시,노원구,중계동,0,313,362,D-031
31070,지청,서울북부지청,1746,서울특별시,노원구,중계동,0,361,361,D-031
31083,지청,서울북부지청,1758,서울특별시,노원구,중계동,0,515,515,D-031
31084,지청,서울북부지청,1759,서울특별시,노원구,중계동,0,515,515,D-031
31085,지청,서울북부지청,1760,서울특별시,노원구,중계동,0,503,515,D-031
31093,지청,서울북부지청,1768,서울특별시,노원구,중계동,0,500,500,D-031
31096,지청,서울북부지청,1771,서울특별시,노원구,중계동,0,501,501,D-031
31098,지청,서울북부지청,1773,서울특별시,노원구,중계동,0,504,504,D-031
31099,지청,서울북부지청,1774,서울특별시,노원구,중계동,0,505,505,D-031
31102,지청,서울북부지청,1777,서울특별시,노원구,중계동,0,502,503,D-031
31103,지청,서울북부지청,1778,서울특별시,노원구,중계동,0,503,503,D-031
31104,지청,서울북부지청,1779,서울특별시,노원구,중계동,0,503,507,D-031
31106,지청,서울북부지청,1781,서울특별시,노원구,중계동,0,503,513,D-031
31107,지청,서울북부지청,1782,서울특별시,노원구,중계동,0,503,512,D-031
31108,지청,서울북부지청,1783,서울특별시,노원구,중계동,0,508,512,D-031
31110,지청,서울북부지청,1785,서울특별시,노원구,중계동,0,514,514,D-031
31111,지청,서울북부지청,1786,서울특별시,노원구,중계동,0,514,514,D-031
31112,지청,서울북부지청,1787,서울특별시,노원구,중계동,0,510,511,D-031
31114,지청,서울북부지청,1789,서울특별시,노원구,중계동,0,510,510,D-031
31117,지청,서울북부지청,1792,서울특별시,노원구,중계동,1,142,142,D-031
31071,지청,서울북부지청,1747,서울특별시,노원구,하계동,0,288,288,D-032
31072,지청,서울북부지청,1748,서울특별시,노원구,하계동,0,256,256,D-032
31073,지청,서울북부지청,1749,서울특별시,노원구,하계동,0,224,256,D-032
31075,지청,서울북부지청,1750,서울특별시,노원구,하계동,0,256,256,D-032
31100,지청,서울북부지청,1775,서울특별시,노원구,하계동,0,308,354,D-032
31101,지청,서울북부지청,1776,서울특별시,노원구,하계동,0,271,271,D-032
31105,지청,서울북부지청,1780,서울특별시,노원구,하계동,0,270,273,D-032
31109,지청,서울북부지청,1784,서울특별시,노원구,하계동,0,273,284,D-032
31113,지청,서울북부지청,1788,서울특별시,노원구,하계동,0,240,287,D-032
31115,지청,서울북부지청,1790,서울특별시,노원구,하계동,0,208,286,D-032
31116,지청,서울북부지청,1791,서울특별시,노원구,하계동,0,231,251,D-032
31137,지청,서울북부지청,1806,서울특별시,노원구,하계동,0,170,281,D-032
31138,지청,서울북부지청,1807,서울특별시,노원구,하계동,0,55,252,D-032
31139,지청,서울북부지청,1808,서울특별시,노원구,하계동,0,64,353,D-032
31141,지청,서울북부지청,1809,서울특별시,노원구,하계동,0,59,179,D-032
31142,지청,서울북부지청,1810,서울특별시,노원구,하계동,0,78,152,D-032
31162,지청,서울북부지청,1829,서울특별시,노원구,하계동,0,280,280,D-032
31163,지청,서울북부지청,1830,서울특별시,노원구,하계동,0,115,280,D-032
31164,지청,서울북부지청,1831,서울특별시,노원구,하계동,0,274,275,D-032
31195,지청,서울북부지청,1862,서울특별시,노원구,하계동,0,272,357,D-032
31196,지청,서울북부지청,1863,서울특별시,노원구,하계동,0,273,273,D-032
31317,지청,서울북부지청,2056,서울특별시,중랑구,망우동,0,320,320,D-033
31319,지청,서울북부지청,2057,서울특별시,중랑구,망우동,0,30,333,D-033
31323,지청,서울북부지청,2059,서울특별시,중랑구,망우동,0,340,358,D-033
31324,지청,서울북부지청,2060,서울특별시,중랑구,망우동,0,340,352,D-033
31325,지청,서울북부지청,2061,서울특별시,중랑구,망우동,0,206,351,D-033
31326,지청,서울북부지청,2062,서울특별시,중랑구,망우동,0,44,269,D-033
31328,지청,서울북부지청,2063,서울특별시,중랑구,망우동,0,86,580,D-033
31329,지청,서울북부지청,2064,서울특별시,중랑구,망우동,0,135,534,D-033
31330,지청,서울북부지청,2065,서울특별시,중랑구,망우동,0,146,583,D-033
31331,지청,서울북부지청,2066,서울특별시,중랑구,망우동,0,134,534,D-033
31337,지청,서울북부지청,2072,서울특별시,중랑구,망우동,0,487,534,D-033
31339,지청,서울북부지청,2073,서울특별시,중랑구,망우동,0,488,488,D-033
31355,지청,서울북부지청,2086,서울특별시,중랑구,망우동,0,489,489,D-033
31438,지청,서울북부지청,2163,서울특별시,중랑구,망우동,0,479,568,D-033
31439,지청,서울북부지청,2164,서울특별시,중랑구,망우동,0,470,534,D-033
31440,지청,서울북부지청,2165,서울특별시,중랑구,망우동,0,465,466,D-033
31441,지청,서울북부지청,2166,서울특별시,중랑구,망우동,0,464,469,D-033
31442,지청,서울북부지청,2167,서울특별시,중랑구,망우동,0,463,572,D-033
31443,지청,서울북부지청,2168,서울특별시,중랑구,망우동,0,509,512,D-033
31444,지청,서울북부지청,2169,서울특별시,중랑구,망우동,0,506,576,D-034
31445,지청,서울북부지청,2170,서울특별시,중랑구,망우동,0,515,534,D-034
31446,지청,서울북부지청,2171,서울특별시,중랑구,망우동,0,513,514,D-034
31447,지청,서울북부지청,2172,서울특별시,중랑구,망우동,0,461,462,D-034
31448,지청,서울북부지청,2173,서울특별시,중랑구,망우동,0,454,582,D-034
31449,지청,서울북부지청,2174,서울특별시,중랑구,망우동,0,474,522,D-034
31450,지청,서울북부지청,2175,서울특별시,중랑구,망우동,0,520,531,D-034
31451,지청,서울북부지청,2176,서울특별시,중랑구,망우동,0,359,401,D-034
31452,지청,서울북부지청,2177,서울특별시,중랑구,망우동,0,155,575,D-034
31453,지청,서울북부지청,2178,서울특별시,중랑구,망우동,0,132,579,D-034
31455,지청,서울북부지청,2179,서울특별시,중랑구,망우동,0,122,153,D-034
31457,지청,서울북부지청,2180,서울특별시,중랑구,망우동,0,119,577,D-034
31459,지청,서울북부지청,2181,서울특별시,중랑구,망우동,0,402,403,D-034
31460,지청,서울북부지청,2182,서울특별시,중랑구,망우동,0,408,410,D-034
31461,지청,서울북부지청,2183,서울특별시,중랑구,망우동,0,411,416,D-034
31462,지청,서울북부지청,2184,서울특별시,중랑구,망우동,0,440,444,D-034
31463,지청,서울북부지청,2185,서울특별시,중랑구,망우동,0,417,435,D-034
31464,지청,서울북부지청,2186,서울특별시,중랑구,망우동,0,113,430,D-034
31465,지청,서울북부지청,2187,서울특별시,중랑구,망우동,0,113,436,D-034
31466,지청,서울북부지청,2188,서울특별시,중랑구,망우동,0,437,442,D-034
31392,지청,서울북부지청,2118,서울특별시,중랑구,면목동,0,190,1533,D-035
31399,지청,서울북부지청,2124,서울특별시,중랑구,면목동,0,184,1535,D-035
31400,지청,서울북부지청,2125,서울특별시,중랑구,면목동,0,185,185,D-035
31401,지청,서울북부지청,2126,서울특별시,중랑구,면목동,0,186,186,D-035
31402,지청,서울북부지청,2127,서울특별시,중랑구,면목동,0,191,191,D-035
31403,지청,서울북부지청,2128,서울특별시,중랑구,면목동,0,182,182,D-035
31404,지청,서울북부지청,2129,서울특별시,중랑구,면목동,0,183,294,D-035
31405,지청,서울북부지청,2130,서울특별시,중랑구,면목동,0,180,180,D-035
31406,지청,서울북부지청,2131,서울특별시,중랑구,면목동,0,181,1532,D-035
31407,지청,서울북부지청,2132,서울특별시,중랑구,면목동,0,192,192,D-035
31408,지청,서울북부지청,2133,서울특별시,중랑구,면목동,0,193,1520,D-035
31409,지청,서울북부지청,2134,서울특별시,중랑구,면목동,0,177,178,D-035
31410,지청,서울북부지청,2135,서울특별시,중랑구,면목동,0,176,179,D-035
31415,지청,서울북부지청,2140,서울특별시,중랑구,면목동,0,144,1536,D-035
31416,지청,서울북부지청,2141,서울특별시,중랑구,면목동,0,141,143,D-035
31417,지청,서울북부지청,2142,서울특별시,중랑구,면목동,0,135,137,D-035
31418,지청,서울북부지청,2143,서울특별시,중랑구,면목동,0,132,1534,D-035
31419,지청,서울북부지청,2144,서울특별시,중랑구,면목동,0,131,1503,D-035
31420,지청,서울북부지청,2145,서울특별시,중랑구,면목동,0,119,1505,D-035
31421,지청,서울북부지청,2146,서울특별시,중랑구,면목동,0,120,282,D-035
31422,지청,서울북부지청,2147,서울특별시,중랑구,면목동,0,139,148,D-036
31430,지청,서울북부지청,2155,서울특별시,중랑구,면목동,0,91,1541,D-036
31431,지청,서울북부지청,2156,서울특별시,중랑구,면목동,0,89,90,D-036
31432,지청,서울북부지청,2157,서울특별시,중랑구,면목동,0,88,210,D-036
31433,지청,서울북부지청,2158,서울특별시,중랑구,면목동,0,86,87,D-036
31434,지청,서울북부지청,2159,서울특별시,중랑구,면목동,0,96,1255,D-036
31435,지청,서울북부지청,2160,서울특별시,중랑구,면목동,0,97,1283,D-036
31436,지청,서울북부지청,2161,서울특별시,중랑구,면목동,0,48,121,D-036
31437,지청,서울북부지청,2162,서울특별시,중랑구,면목동,0,74,103,D-036
31467,지청,서울북부지청,2189,서울특별시,중랑구,면목동,0,15,46,D-036
31468,지청,서울북부지청,2190,서울특별시,중랑구,면목동,0,1,1517,D-036
31469,지청,서울북부지청,2191,서울특별시,중랑구,면목동,0,5,1322,D-036
31470,지청,서울북부지청,2192,서울특별시,중랑구,면목동,0,49,1530,D-036
31471,지청,서울북부지청,2193,서울특별시,중랑구,면목동,0,56,1524,D-036
31473,지청,서울북부지청,2194,서울특별시,중랑구,면목동,0,481,494,D-036
31474,지청,서울북부지청,2195,서울특별시,중랑구,면목동,0,507,1075,D-036
31475,지청,서울북부지청,2196,서울특별시,중랑구,면목동,0,507,1077,D-036
31476,지청,서울북부지청,2197,서울특별시,중랑구,면목동,0,105,1216,D-036
31477,지청,서울북부지청,2198,서울특별시,중랑구,면목동,0,105,1526,D-036
31478,지청,서울북부지청,2199,서울특별시,중랑구,면목동,0,72,104,D-036
31479,지청,서울북부지청,2200,서울특별시,중랑구,면목동,0,22,1546,D-037
31480,지청,서울북부지청,2201,서울특별시,중랑구,면목동,0,20,1538,D-037
31481,지청,서울북부지청,2202,서울특별시,중랑구,면목동,0,70,71,D-037
31482,지청,서울북부지청,2203,서울특별시,중랑구,면목동,0,68,69,D-037
31483,지청,서울북부지청,2204,서울특별시,중랑구,면목동,0,107,1180,D-037
31484,지청,서울북부지청,2205,서울특별시,중랑구,면목동,0,114,413,D-037
31485,지청,서울북부지청,2206,서울특별시,중랑구,면목동,0,109,113,D-037
31486,지청,서울북부지청,2207,서울특별시,중랑구,면목동,0,65,67,D-037
31487,지청,서울북부지청,2208,서울특별시,중랑구,면목동,0,61,1540,D-037
31488,지청,서울북부지청,2209,서울특별시,중랑구,면목동,0,111,410,D-037
31489,지청,서울북부지청,2210,서울특별시,중랑구,면목동,0,428,458,D-037
31490,지청,서울북부지청,2211,서울특별시,중랑구,면목동,0,58,454,D-037
31491,지청,서울북부지청,2212,서울특별시,중랑구,면목동,0,465,469,D-037
31492,지청,서울북부지청,2213,서울특별시,중랑구,면목동,0,459,463,D-037
31493,지청,서울북부지청,2214,서울특별시,중랑구,면목동,0,470,1326,D-037
31494,지청,서울북부지청,2215,서울특별시,중랑구,면목동,0,150,284,D-037
31495,지청,서울북부지청,2216,서울특별시,중랑구,면목동,0,149,155,D-037
31496,지청,서울북부지청,2217,서울특별시,중랑구,면목동,0,547,1531,D-037
31497,지청,서울북부지청,2218,서울특별시,중랑구,면목동,0,118,542,D-037
31498,지청,서울북부지청,2219,서울특별시,중랑구,면목동,0,115,543,D-037
31499,지청,서울북부지청,2220,서울특별시,중랑구,면목동,0,501,552,D-037
31500,지청,서울북부지청,2221,서울특별시,중랑구,면목동,0,498,573,D-037
31501,지청,서울북부지청,2222,서울특별시,중랑구,면목동,0,564,1508,D-038
31502,지청,서울북부지청,2223,서울특별시,중랑구,면목동,0,156,157,D-038
31503,지청,서울북부지청,2224,서울특별시,중랑구,면목동,0,158,161,D-038
31504,지청,서울북부지청,2225,서울특별시,중랑구,면목동,0,162,162,D-038
31505,지청,서울북부지청,2226,서울특별시,중랑구,면목동,0,164,164,D-038
31506,지청,서울북부지청,2227,서울특별시,중랑구,면목동,0,584,1509,D-038
31507,지청,서울북부지청,2228,서울특별시,중랑구,면목동,0,495,605,D-038
31508,지청,서울북부지청,2230,서울특별시,중랑구,면목동,0,174,194,D-038
31509,지청,서울북부지청,2231,서울특별시,중랑구,면목동,0,175,175,D-038
31510,지청,서울북부지청,2232,서울특별시,중랑구,면목동,0,172,172,D-038
31511,지청,서울북부지청,2233,서울특별시,중랑구,면목동,0,173,173,D-038
31512,지청,서울북부지청,2234,서울특별시,중랑구,면목동,0,171,171,D-038
31513,지청,서울북부지청,2235,서울특별시,중랑구,면목동,0,169,1518,D-038
31514,지청,서울북부지청,2236,서울특별시,중랑구,면목동,0,168,168,D-038
31515,지청,서울북부지청,2237,서울특별시,중랑구,면목동,0,637,1511,D-038
31516,지청,서울북부지청,2238,서울특별시,중랑구,면목동,0,630,649,D-038
31517,지청,서울북부지청,2239,서울특별시,중랑구,면목동,0,632,650,D-038
31518,지청,서울북부지청,2240,서울특별시,중랑구,면목동,0,351,1522,D-038
31519,지청,서울북부지청,2241,서울특별시,중랑구,면목동,0,339,1522,D-038
31520,지청,서울북부지청,2242,서울특별시,중랑구,면목동,0,639,1529,D-038
31521,지청,서울북부지청,2243,서울특별시,중랑구,면목동,0,346,377,D-039
31522,지청,서울북부지청,2244,서울특별시,중랑구,면목동,0,349,374,D-039
31523,지청,서울북부지청,2245,서울특별시,중랑구,면목동,0,379,390,D-039
31524,지청,서울북부지청,2246,서울특별시,중랑구,면목동,0,383,656,D-039
31525,지청,서울북부지청,2247,서울특별시,중랑구,면목동,0,646,727,D-039
31526,지청,서울북부지청,2248,서울특별시,중랑구,면목동,0,718,1521,D-039
31527,지청,서울북부지청,2249,서울특별시,중랑구,면목동,0,577,1097,D-039
31528,지청,서울북부지청,2250,서울특별시,중랑구,면목동,0,524,1326,D-039
31529,지청,서울북부지청,2251,서울특별시,중랑구,면목동,0,580,1528,D-039
31530,지청,서울북부지청,2252,서울특별시,중랑구,면목동,0,354,1101,D-039
31531,지청,서울북부지청,2253,서울특별시,중랑구,면목동,0,365,1380,D-039
31532,지청,서울북부지청,2254,서울특별시,중랑구,면목동,0,378,1382,D-039
31533,지청,서울북부지청,2255,서울특별시,중랑구,면목동,0,392,1425,D-039
31534,지청,서울북부지청,2256,서울특별시,중랑구,면목동,0,1339,1537,D-039
31535,지청,서울북부지청,2257,서울특별시,중랑구,면목동,0,1341,1502,D-039
31537,지청,서울북부지청,2258,서울특별시,중랑구,면목동,0,580,1525,D-039
31538,지청,서울북부지청,2259,서울특별시,중랑구,면목동,0,526,1094,D-039
31540,지청,서울북부지청,2260,서울특별시,중랑구,면목동,0,527,1543,D-039
31542,지청,서울북부지청,2261,서울특별시,중랑구,면목동,0,519,519,D-039
31256,지청,서울북부지청,2001,서울특별시,중랑구,묵동,0,233,233,D-040
31257,지청,서울북부지청,2002,서울특별시,중랑구,묵동,0,234,379,D-040
31258,지청,서울북부지청,2003,서울특별시,중랑구,묵동,0,235,378,D-040
31259,지청,서울북부지청,2004,서울특별시,중랑구,묵동,0,236,395,D-040
31260,지청,서울북부지청,2005,서울특별시,중랑구,묵동,0,189,238,D-040
31261,지청,서울북부지청,2006,서울특별시,중랑구,묵동,0,189,239,D-040
31262,지청,서울북부지청,2007,서울특별시,중랑구,묵동,0,240,385,D-040
31263,지청,서울북부지청,2008,서울특별시,중랑구,묵동,0,242,394,D-040
31264,지청,서울북부지청,2009,서울특별시,중랑구,묵동,0,244,244,D-040
31265,지청,서울북부지청,2010,서울특별시,중랑구,묵동,0,245,391,D-040
31266,지청,서울북부지청,2011,서울특별시,중랑구,묵동,0,246,247,D-040
31267,지청,서울북부지청,2012,서울특별시,중랑구,묵동,0,248,249,D-040
31268,지청,서울북부지청,2013,서울특별시,중랑구,묵동,0,250,250,D-040
31273,지청,서울북부지청,2018,서울특별시,중랑구,묵동,0,160,389,D-040
31274,지청,서울북부지청,2019,서울특별시,중랑구,묵동,0,48,159,D-040
31275,지청,서울북부지청,2020,서울특별시,중랑구,묵동,0,1,387,D-040
31276,지청,서울북부지청,2021,서울특별시,중랑구,묵동,0,2,7,D-040
31277,지청,서울북부지청,2022,서울특별시,중랑구,묵동,0,8,12,D-040
31278,지청,서울북부지청,2023,서울특별시,중랑구,묵동,0,20,20,D-041
31284,지청,서울북부지청,2029,서울특별시,중랑구,묵동,0,13,13,D-041
31285,지청,서울북부지청,2030,서울특별시,중랑구,묵동,0,25,396,D-041
31286,지청,서울북부지청,2031,서울특별시,중랑구,묵동,0,55,318,D-041
31287,지청,서울북부지청,2032,서울특별시,중랑구,묵동,0,162,163,D-041
31288,지청,서울북부지청,2033,서울특별시,중랑구,묵동,0,164,189,D-041
31289,지청,서울북부지청,2034,서울특별시,중랑구,묵동,0,171,174,D-041
31290,지청,서울북부지청,2035,서울특별시,중랑구,묵동,0,120,382,D-041
31291,지청,서울북부지청,2036,서울특별시,중랑구,묵동,0,121,390,D-041
31292,지청,서울북부지청,2037,서울특별시,중랑구,묵동,0,121,226,D-041
31293,지청,서울북부지청,2038,서울특별시,중랑구,묵동,0,122,180,D-041
31294,지청,서울북부지청,2039,서울특별시,중랑구,묵동,0,122,126,D-041
31295,지청,서울북부지청,2040,서울특별시,중랑구,묵동,0,120,384,D-041
31296,지청,서울북부지청,2041,서울특별시,중랑구,묵동,0,21,23,D-041
31302,지청,서울북부지청,2045,서울특별시,중랑구,묵동,0,126,181,D-041
31303,지청,서울북부지청,2046,서울특별시,중랑구,묵동,0,128,202,D-041
31300,지청,서울북부지청,2044,서울특별시,중랑구,상봉동,0,481,481,D-042
31306,지청,서울북부지청,2048,서울특별시,중랑구,상봉동,0,222,492,D-042
31341,지청,서울북부지청,2074,서울특별시,중랑구,상봉동,0,220,303,D-042
31342,지청,서울북부지청,2075,서울특별시,중랑구,상봉동,0,482,484,D-042
31345,지청,서울북부지청,2077,서울특별시,중랑구,상봉동,0,1,1,D-042
31346,지청,서울북부지청,2078,서울특별시,중랑구,상봉동,0,497,497,D-042
31347,지청,서울북부지청,2079,서울특별시,중랑구,상봉동,0,19,495,D-042
31348,지청,서울북부지청,2080,서울특별시,중랑구,상봉동,0,497,499,D-042
31349,지청,서울북부지청,2081,서울특별시,중랑구,상봉동,0,276,292,D-042
31350,지청,서울북부지청,2082,서울특별시,중랑구,상봉동,0,178,496,D-042
31351,지청,서울북부지청,2083,서울특별시,중랑구,상봉동,0,44,44,D-042
31352,지청,서울북부지청,2084,서울특별시,중랑구,상봉동,0,29,63,D-042
31353,지청,서울북부지청,2085,서울특별시,중랑구,상봉동,0,40,40,D-042
31358,지청,서울북부지청,2087,서울특별시,중랑구,상봉동,0,99,500,D-042
31361,지청,서울북부지청,2090,서울특별시,중랑구,상봉동,0,207,222,D-042
31363,지청,서울북부지청,2091,서울특별시,중랑구,상봉동,0,190,207,D-042
31364,지청,서울북부지청,2092,서울특별시,중랑구,상봉동,0,190,307,D-042
31366,지청,서울북부지청,2093,서울특별시,중랑구,상봉동,0,304,307,D-042
31370,지청,서울북부지청,2096,서울특별시,중랑구,상봉동,0,308,502,D-043
31371,지청,서울북부지청,2097,서울특별시,중랑구,상봉동,0,190,315,D-043
31372,지청,서울북부지청,2098,서울특별시,중랑구,상봉동,0,99,160,D-043
31394,지청,서울북부지청,2119,서울특별시,중랑구,상봉동,0,136,494,D-043
31395,지청,서울북부지청,2120,서울특별시,중랑구,상봉동,0,130,160,D-043
31396,지청,서울북부지청,2121,서울특별시,중랑구,상봉동,0,129,129,D-043
31397,지청,서울북부지청,2122,서울특별시,중랑구,상봉동,0,128,128,D-043
31398,지청,서울북부지청,2123,서울특별시,중랑구,상봉동,0,127,127,D-043
31411,지청,서울북부지청,2136,서울특별시,중랑구,상봉동,0,118,121,D-043
31412,지청,서울북부지청,2137,서울특별시,중랑구,상봉동,0,112,160,D-043
31413,지청,서울북부지청,2138,서울특별시,중랑구,상봉동,0,108,111,D-043
31414,지청,서울북부지청,2139,서울특별시,중랑구,상봉동,0,122,126,D-043
31423,지청,서울북부지청,2148,서울특별시,중랑구,상봉동,0,101,102,D-043
31424,지청,서울북부지청,2149,서울특별시,중랑구,상봉동,0,89,160,D-043
31425,지청,서울북부지청,2150,서울특별시,중랑구,상봉동,0,81,501,D-043
31426,지청,서울북부지청,2151,서울특별시,중랑구,상봉동,0,83,160,D-043
31427,지청,서울북부지청,2152,서울특별시,중랑구,상봉동,0,84,86,D-043
31428,지청,서울북부지청,2153,서울특별시,중랑구,상봉동,0,87,106,D-043
31429,지청,서울북부지청,2154,서울특별시,중랑구,상봉동,0,103,107,D-043
31279,지청,서울북부지청,2024,서울특별시,중랑구,신내동,0,644,649,D-044
31280,지청,서울북부지청,2025,서울특별시,중랑구,신내동,0,656,656,D-044
31281,지청,서울북부지청,2026,서울특별시,중랑구,신내동,0,657,659,D-044
31282,지청,서울북부지청,2027,서울특별시,중랑구,신내동,0,654,655,D-044
31283,지청,서울북부지청,2028,서울특별시,중랑구,신내동,0,647,651,D-044
31298,지청,서울북부지청,2042,서울특별시,중랑구,신내동,0,779,780,D-044
31299,지청,서울북부지청,2043,서울특별시,중랑구,신내동,0,660,662,D-044
31312,지청,서울북부지청,2052,서울특별시,중랑구,신내동,0,71,713,D-044
31314,지청,서울북부지청,2053,서울특별시,중랑구,신내동,0,315,788,D-044
31315,지청,서울북부지청,2054,서울특별시,중랑구,신내동,0,393,786,D-044
31316,지청,서울북부지청,2055,서울특별시,중랑구,신내동,0,77,817,D-044
31322,지청,서울북부지청,2058,서울특별시,중랑구,신내동,0,376,795,D-044
31332,지청,서울북부지청,2067,서울특별시,중랑구,신내동,0,382,797,D-044
31333,지청,서울북부지청,2068,서울특별시,중랑구,신내동,0,383,802,D-044
31334,지청,서울북부지청,2069,서울특별시,중랑구,신내동,0,451,804,D-044
31335,지청,서울북부지청,2070,서울특별시,중랑구,신내동,0,444,482,D-044
31336,지청,서울북부지청,2071,서울특별시,중랑구,신내동,0,428,517,D-044
31344,지청,서울북부지청,2076,서울특별시,중랑구,신내동,0,546,783,D-044
31543,지청,서울북부지청,2262,서울특별시,중랑구,신내동,0,170,170,D-044
31544,지청,서울북부지청,2263,서울특별시,중랑구,신내동,0,3,831,D-044
31255,지청,서울북부지청,2000,서울특별시,중랑구,중화동,0,346,346,D-045
31269,지청,서울북부지청,2014,서울특별시,중랑구,중화동,0,307,438,D-045
31270,지청,서울북부지청,2015,서울특별시,중랑구,중화동,0,308,332,D-045
31271,지청,서울북부지청,2016,서울특별시,중랑구,중화동,0,310,331,D-045
31272,지청,서울북부지청,2017,서울특별시,중랑구,중화동,0,50,306,D-045
31305,지청,서울북부지청,2047,서울특별시,중랑구,중화동,0,20,283,D-045
31309,지청,서울북부지청,2049,서울특별시,중랑구,중화동,0,15,118,D-045
31310,지청,서울북부지청,2050,서울특별시,중랑구,중화동,0,22,453,D-045
31311,지청,서울북부지청,2051,서울특별시,중랑구,중화동,0,103,286,D-045
31359,지청,서울북부지청,2088,서울특별시,중랑구,중화동,0,287,290,D-045
31360,지청,서울북부지청,2089,서울특별시,중랑구,중화동,0,110,455,D-045
31368,지청,서울북부지청,2094,서울특별시,중랑구,중화동,0,148,457,D-045
31369,지청,서울북부지청,2095,서울특별시,중랑구,중화동,0,195,450,D-045
31373,지청,서울북부지청,2099,서울특별시,중랑구,중화동,0,387,387,D-045
31374,지청,서울북부지청,2100,서울특별시,중랑구,중화동,0,329,330,D-045
31375,지청,서울북부지청,2101,서울특별시,중랑구,중화동,0,312,313,D-045
31376,지청,서울북부지청,2102,서울특별시,중랑구,중화동,0,303,452,D-046
31377,지청,서울북부지청,2103,서울특별시,중랑구,중화동,0,50,302,D-046
31378,지청,서울북부지청,2104,서울특별시,중랑구,중화동,0,314,315,D-046
31379,지청,서울북부지청,2105,서울특별시,중랑구,중화동,0,327,328,D-046
31380,지청,서울북부지청,2106,서울특별시,중랑구,중화동,0,316,317,D-046
31381,지청,서울북부지청,2107,서울특별시,중랑구,중화동,0,299,300,D-046
31382,지청,서울북부지청,2108,서울특별시,중랑구,중화동,0,296,296,D-046
31383,지청,서울북부지청,2109,서울특별시,중랑구,중화동,0,297,298,D-046
31384,지청,서울북부지청,2110,서울특별시,중랑구,중화동,0,73,321,D-046
31385,지청,서울북부지청,2111,서울특별시,중랑구,중화동,0,318,319,D-046
31386,지청,서울북부지청,2112,서울특별시,중랑구,중화동,0,322,323,D-046
31387,지청,서울북부지청,2113,서울특별시,중랑구,중화동,0,326,326,D-046
31388,지청,서울북부지청,2114,서울특별시,중랑구,중화동,0,61,404,D-046
31389,지청,서울북부지청,2115,서울특별시,중랑구,중화동,0,210,429,D-046
31390,지청,서울북부지청,2116,서울특별시,중랑구,중화동,0,208,454,D-046
31391,지청,서울북부지청,2117,서울특별시,중랑구,중화동,0,207,207,D-046
31697,청,서울지방고용노동청,2531,서울특별시,동대문구,답십리동,0,97,97,D-047
31701,청,서울지방고용노동청,2534,서울특별시,동대문구,답십리동,0,1,1,D-047
31704,청,서울지방고용노동청,2535,서울특별시,동대문구,답십리동,0,1,1000,D-047
31706,청,서울지방고용노동청,2536,서울특별시,동대문구,답십리동,0,80,80,D-047
31708,청,서울지방고용노동청,2537,서울특별시,동대문구,답십리동,0,62,440,D-047
31709,청,서울지방고용노동청,2538,서울특별시,동대문구,답십리동,0,65,94,D-047
31711,청,서울지방고용노동청,2540,서울특별시,동대문구,답십리동,0,68,1013,D-047
31713,청,서울지방고용노동청,2541,서울특별시,동대문구,답십리동,0,231,1012,D-047
31715,청,서울지방고용노동청,2542,서울특별시,동대문구,답십리동,0,111,218,D-047
31768,청,서울지방고용노동청,2591,서울특별시,동대문구,답십리동,0,553,553,D-047
31770,청,서울지방고용노동청,2592,서울특별시,동대문구,답십리동,0,463,1008,D-047
31771,청,서울지방고용노동청,2593,서울특별시,동대문구,답십리동,0,542,1002,D-047
31773,청,서울지방고용노동청,2595,서울특별시,동대문구,답십리동,0,469,1001,D-047
31774,청,서울지방고용노동청,2596,서울특별시,동대문구,답십리동,0,467,1006,D-047
31775,청,서울지방고용노동청,2597,서울특별시,동대문구,답십리동,0,465,1009,D-047
31776,청,서울지방고용노동청,2598,서울특별시,동대문구,답십리동,0,1003,1003,D-047
31777,청,서울지방고용노동청,2599,서울특별시,동대문구,답십리동,0,53,441,D-047
31778,청,서울지방고용노동청,2600,서울특별시,동대문구,답십리동,0,36,271,D-047
31779,청,서울지방고용노동청,2601,서울특별시,동대문구,답십리동,0,274,1004,D-047
31780,청,서울지방고용노동청,2602,서울특별시,동대문구,답십리동,0,132,484,D-047
31781,청,서울지방고용노동청,2603,서울특별시,동대문구,답십리동,0,496,999,D-048
31782,청,서울지방고용노동청,2604,서울특별시,동대문구,답십리동,0,493,994,D-048
31783,청,서울지방고용노동청,2605,서울특별시,동대문구,답십리동,0,276,490,D-048
31784,청,서울지방고용노동청,2606,서울특별시,동대문구,답십리동,0,36,57,D-048
31785,청,서울지방고용노동청,2607,서울특별시,동대문구,답십리동,0,47,990,D-048
31786,청,서울지방고용노동청,2608,서울특별시,동대문구,답십리동,0,41,41,D-048
31787,청,서울지방고용노동청,2609,서울특별시,동대문구,답십리동,0,2,808,D-048
31789,청,서울지방고용노동청,2610,서울특별시,동대문구,답십리동,0,2,936,D-048
31791,청,서울지방고용노동청,2611,서울특별시,동대문구,답십리동,0,2,12,D-048
31792,청,서울지방고용노동청,2612,서울특별시,동대문구,답십리동,0,10,10,D-048
31793,청,서울지방고용노동청,2613,서울특별시,동대문구,답십리동,0,990,990,D-048
31794,청,서울지방고용노동청,2614,서울특별시,동대문구,답십리동,0,29,48,D-048
31795,청,서울지방고용노동청,2615,서울특별시,동대문구,답십리동,0,19,266,D-048
31796,청,서울지방고용노동청,2616,서울특별시,동대문구,답십리동,0,10,1014,D-048
31797,청,서울지방고용노동청,2617,서울특별시,동대문구,답십리동,0,12,19,D-048
31798,청,서울지방고용노동청,2618,서울특별시,동대문구,답십리동,0,952,952,D-048
31799,청,서울지방고용노동청,2619,서울특별시,동대문구,답십리동,0,953,960,D-048
31800,청,서울지방고용노동청,2620,서울특별시,동대문구,답십리동,0,488,998,D-048
31801,청,서울지방고용노동청,2621,서울특별시,동대문구,답십리동,0,276,488,D-048
31802,청,서울지방고용노동청,2622,서울특별시,동대문구,답십리동,0,492,961,D-048
31755,청,서울지방고용노동청,2579,서울특별시,동대문구,신설동,0,1,3,D-049
31757,청,서울지방고용노동청,2580,서울특별시,동대문구,신설동,0,4,91,D-049
31758,청,서울지방고용노동청,2581,서울특별시,동대문구,신설동,0,29,396,D-049
31759,청,서울지방고용노동청,2582,서울특별시,동대문구,신설동,0,76,102,D-049
31763,청,서울지방고용노동청,2586,서울특별시,동대문구,신설동,0,92,117,D-049
31734,청,서울지방고용노동청,2560,서울특별시,동대문구,용두동,0,9,793,D-049
31735,청,서울지방고용노동청,2561,서울특별시,동대문구,용두동,0,39,39,D-049
31736,청,서울지방고용노동청,2562,서울특별시,동대문구,용두동,0,39,39,D-049
31737,청,서울지방고용노동청,2563,서울특별시,동대문구,용두동,0,39,39,D-049
31738,청,서울지방고용노동청,2564,서울특별시,동대문구,용두동,0,39,39,D-049
31739,청,서울지방고용노동청,2565,서울특별시,동대문구,용두동,0,29,47,D-049
31740,청,서울지방고용노동청,2566,서울특별시,동대문구,용두동,0,38,790,D-049
31741,청,서울지방고용노동청,2567,서울특별시,동대문구,용두동,0,792,792,D-049
31751,청,서울지방고용노동청,2576,서울특별시,동대문구,용두동,0,230,230,D-049
31753,청,서울지방고용노동청,2577,서울특별시,동대문구,용두동,0,130,794,D-049
31754,청,서울지방고용노동청,2578,서울특별시,동대문구,용두동,0,147,767,D-049
31760,청,서울지방고용노동청,2583,서울특별시,동대문구,용두동,0,234,238,D-049
31761,청,서울지방고용노동청,2584,서울특별시,동대문구,용두동,0,112,785,D-049
31762,청,서울지방고용노동청,2585,서울특별시,동대문구,용두동,0,100,255,D-049
31764,청,서울지방고용노동청,2587,서울특별시,동대문구,용두동,0,249,255,D-049
31765,청,서울지방고용노동청,2588,서울특별시,동대문구,용두동,0,122,779,D-049
31766,청,서울지방고용노동청,2589,서울특별시,동대문구,용두동,0,47,255,D-049
31767,청,서울지방고용노동청,2590,서울특별시,동대문구,용두동,0,34,791,D-049
31545,청,서울지방고용노동청,2400,서울특별시,동대문구,이문동,0,251,256,D-050
31546,청,서울지방고용노동청,2401,서울특별시,동대문구,이문동,0,255,423,D-050
31547,청,서울지방고용노동청,2402,서울특별시,동대문구,이문동,0,257,257,D-050
31548,청,서울지방고용노동청,2403,서울특별시,동대문구,이문동,0,257,292,D-050
31549,청,서울지방고용노동청,2404,서울특별시,동대문구,이문동,0,257,268,D-050
31550,청,서울지방고용노동청,2405,서울특별시,동대문구,이문동,0,257,389,D-050
31551,청,서울지방고용노동청,2406,서울특별시,동대문구,이문동,0,228,428,D-050
31552,청,서울지방고용노동청,2407,서울특별시,동대문구,이문동,0,225,225,D-050
31553,청,서울지방고용노동청,2408,서울특별시,동대문구,이문동,0,209,212,D-050
31554,청,서울지방고용노동청,2409,서울특별시,동대문구,이문동,0,217,430,D-050
31555,청,서울지방고용노동청,2410,서울특별시,동대문구,이문동,0,165,357,D-050
31556,청,서울지방고용노동청,2411,서울특별시,동대문구,이문동,0,164,256,D-050
31557,청,서울지방고용노동청,2412,서울특별시,동대문구,이문동,0,164,256,D-050
31558,청,서울지방고용노동청,2413,서울특별시,동대문구,이문동,0,163,256,D-050
31559,청,서울지방고용노동청,2414,서울특별시,동대문구,이문동,0,163,292,D-050
31560,청,서울지방고용노동청,2415,서울특별시,동대문구,이문동,0,141,163,D-050
31561,청,서울지방고용노동청,2416,서울특별시,동대문구,이문동,0,141,170,D-050
31562,청,서울지방고용노동청,2417,서울특별시,동대문구,이문동,0,134,138,D-050
31563,청,서울지방고용노동청,2418,서울특별시,동대문구,이문동,0,148,300,D-051
31564,청,서울지방고용노동청,2419,서울특별시,동대문구,이문동,0,288,363,D-051
31565,청,서울지방고용노동청,2420,서울특별시,동대문구,이문동,0,130,363,D-051
31566,청,서울지방고용노동청,2421,서울특별시,동대문구,이문동,0,7,189,D-051
31567,청,서울지방고용노동청,2422,서울특별시,동대문구,이문동,0,45,429,D-051
31568,청,서울지방고용노동청,2423,서울특별시,동대문구,이문동,0,38,180,D-051
31569,청,서울지방고용노동청,2424,서울특별시,동대문구,이문동,0,116,354,D-051
31570,청,서울지방고용노동청,2425,서울특별시,동대문구,이문동,0,87,109,D-051
31571,청,서울지방고용노동청,2426,서울특별시,동대문구,이문동,0,74,120,D-051
31572,청,서울지방고용노동청,2427,서울특별시,동대문구,이문동,0,77,126,D-051
31574,청,서울지방고용노동청,2428,서울특별시,동대문구,이문동,0,72,89,D-051
31576,청,서울지방고용노동청,2429,서울특별시,동대문구,이문동,0,71,73,D-051
31588,청,서울지방고용노동청,2440,서울특별시,동대문구,이문동,0,284,327,D-051
31589,청,서울지방고용노동청,2441,서울특별시,동대문구,이문동,0,305,317,D-051
31590,청,서울지방고용노동청,2442,서울특별시,동대문구,이문동,0,311,346,D-051
31591,청,서울지방고용노동청,2443,서울특별시,동대문구,이문동,0,319,338,D-051
31597,청,서울지방고용노동청,2448,서울특별시,동대문구,이문동,0,264,426,D-051
31598,청,서울지방고용노동청,2449,서울특별시,동대문구,이문동,0,264,264,D-051
31599,청,서울지방고용노동청,2450,서울특별시,동대문구,이문동,0,270,363,D-051
31600,청,서울지방고용노동청,2451,서울특별시,동대문구,이문동,0,280,349,D-051
31601,청,서울지방고용노동청,2452,서울특별시,동대문구,이문동,0,339,346,D-051
31671,청,서울지방고용노동청,2509,서울특별시,동대문구,장안동,0,107,107,D-052
31680,청,서울지방고용노동청,2514,서울특별시,동대문구,장안동,0,92,579,D-052
31681,청,서울지방고용노동청,2515,서울특별시,동대문구,장안동,0,92,555,D-052
31682,청,서울지방고용노동청,2516,서울특별시,동대문구,장안동,0,94,585,D-052
31683,청,서울지방고용노동청,2517,서울특별시,동대문구,장안동,0,95,95,D-052
31684,청,서울지방고용노동청,2518,서울특별시,동대문구,장안동,0,96,108,D-052
31685,청,서울지방고용노동청,2519,서울특별시,동대문구,장안동,0,313,469,D-052
31686,청,서울지방고용노동청,2520,서울특별시,동대문구,장안동,0,328,329,D-052
31687,청,서울지방고용노동청,2521,서울특별시,동대문구,장안동,0,329,329,D-052
31688,청,서울지방고용노동청,2522,서울특별시,동대문구,장안동,0,311,327,D-052
31689,청,서울지방고용노동청,2523,서울특별시,동대문구,장안동,0,308,571,D-052
31690,청,서울지방고용노동청,2524,서울특별시,동대문구,장안동,0,329,470,D-052
31691,청,서울지방고용노동청,2525,서울특별시,동대문구,장안동,0,102,125,D-052
31692,청,서울지방고용노동청,2526,서울특별시,동대문구,장안동,0,286,302,D-052
31693,청,서울지방고용노동청,2527,서울특별시,동대문구,장안동,0,289,304,D-052
31694,청,서울지방고용노동청,2528,서울특별시,동대문구,장안동,0,291,587,D-052
31695,청,서울지방고용노동청,2529,서울특별시,동대문구,장안동,0,123,543,D-052
31696,청,서울지방고용노동청,2530,서울특별시,동대문구,장안동,0,294,470,D-052
31803,청,서울지방고용노동청,2623,서울특별시,동대문구,장안동,0,141,574,D-052
31804,청,서울지방고용노동청,2624,서울특별시,동대문구,장안동,0,369,586,D-052
31805,청,서울지방고용노동청,2625,서울특별시,동대문구,장안동,0,374,394,D-052
31806,청,서울지방고용노동청,2626,서울특별시,동대문구,장안동,0,162,186,D-053
31807,청,서울지방고용노동청,2627,서울특별시,동대문구,장안동,0,183,194,D-053
31808,청,서울지방고용노동청,2628,서울특별시,동대문구,장안동,0,375,398,D-053
31809,청,서울지방고용노동청,2629,서울특별시,동대문구,장안동,0,424,581,D-053
31810,청,서울지방고용노동청,2630,서울특별시,동대문구,장안동,0,195,402,D-053
31811,청,서울지방고용노동청,2631,서울특별시,동대문구,장안동,0,192,580,D-053
31812,청,서울지방고용노동청,2632,서울특별시,동대문구,장안동,0,217,565,D-053
31813,청,서울지방고용노동청,2633,서울특별시,동대문구,장안동,0,413,472,D-053
31814,청,서울지방고용노동청,2634,서울특별시,동대문구,장안동,0,406,419,D-053
31815,청,서울지방고용노동청,2635,서울특별시,동대문구,장안동,0,403,567,D-053
31816,청,서울지방고용노동청,2636,서울특별시,동대문구,장안동,0,417,432,D-053
31817,청,서울지방고용노동청,2637,서울특별시,동대문구,장안동,0,333,469,D-053
31818,청,서울지방고용노동청,2638,서울특별시,동대문구,장안동,0,336,336,D-053
31819,청,서울지방고용노동청,2639,서울특별시,동대문구,장안동,0,338,584,D-053
31820,청,서울지방고용노동청,2640,서울특별시,동대문구,장안동,0,349,363,D-053
31821,청,서울지방고용노동청,2641,서울특별시,동대문구,장안동,0,353,356,D-053
31822,청,서울지방고용노동청,2642,서울특별시,동대문구,장안동,0,358,577,D-053
31823,청,서울지방고용노동청,2643,서울특별시,동대문구,장안동,0,359,583,D-053
31824,청,서울지방고용노동청,2644,서울특별시,동대문구,장안동,0,433,572,D-053
31825,청,서울지방고용노동청,2645,서울특별시,동대문구,장안동,0,464,472,D-053
31826,청,서울지방고용노동청,2646,서울특별시,동대문구,장안동,0,453,457,D-053
31649,청,서울지방고용노동청,2491,서울특별시,동대문구,전농동,0,96,601,D-054
31651,청,서울지방고용노동청,2492,서울특별시,동대문구,전농동,0,103,152,D-054
31652,청,서울지방고용노동청,2493,서울특별시,동대문구,전농동,0,113,152,D-054
31663,청,서울지방고용노동청,2503,서울특별시,동대문구,전농동,0,689,689,D-054
31665,청,서울지방고용노동청,2504,서울특별시,동대문구,전농동,0,694,694,D-054
31666,청,서울지방고용노동청,2505,서울특별시,동대문구,전농동,0,90,188,D-054
31667,청,서울지방고용노동청,2506,서울특별시,동대문구,전농동,0,54,295,D-054
31668,청,서울지방고용노동청,2507,서울특별시,동대문구,전농동,0,35,688,D-054
31669,청,서울지방고용노동청,2508,서울특별시,동대문구,전농동,0,38,688,D-054
31677,청,서울지방고용노동청,2512,서울특별시,동대문구,전농동,0,1,1,D-054
31699,청,서울지방고용노동청,2532,서울특별시,동대문구,전농동,0,10,42,D-054
31700,청,서울지방고용노동청,2533,서울특별시,동대문구,전농동,0,6,6,D-054
31710,청,서울지방고용노동청,2539,서울특별시,동대문구,전농동,0,295,295,D-054
31716,청,서울지방고용노동청,2543,서울특별시,동대문구,전농동,0,124,584,D-054
31718,청,서울지방고용노동청,2544,서울특별시,동대문구,전농동,0,130,209,D-054
31719,청,서울지방고용노동청,2545,서울특별시,동대문구,전농동,0,60,206,D-054
31720,청,서울지방고용노동청,2546,서울특별시,동대문구,전농동,0,60,295,D-054
31721,청,서울지방고용노동청,2547,서울특별시,동대문구,전농동,0,294,357,D-054
31722,청,서울지방고용노동청,2548,서울특별시,동대문구,전농동,0,293,355,D-054
31723,청,서울지방고용노동청,2549,서울특별시,동대문구,전농동,0,206,558,D-054
31724,청,서울지방고용노동청,2550,서울특별시,동대문구,전농동,0,209,583,D-054
31725,청,서울지방고용노동청,2551,서울특별시,동대문구,전농동,0,457,695,D-054
31726,청,서울지방고용노동청,2552,서울특별시,동대문구,전농동,0,652,652,D-054
31727,청,서울지방고용노동청,2553,서울특별시,동대문구,전농동,0,322,691,D-054
31728,청,서울지방고용노동청,2554,서울특별시,동대문구,전농동,0,591,620,D-054
31729,청,서울지방고용노동청,2555,서울특별시,동대문구,전농동,0,127,591,D-054
31730,청,서울지방고용노동청,2556,서울특별시,동대문구,전농동,0,103,126,D-054
31731,청,서울지방고용노동청,2557,서울특별시,동대문구,전농동,0,124,608,D-054
31732,청,서울지방고용노동청,2558,서울특별시,동대문구,전농동,0,493,687,D-054
31733,청,서울지방고용노동청,2559,서울특별시,동대문구,전농동,0,620,625,D-054
31772,청,서울지방고용노동청,2594,서울특별시,동대문구,전농동,0,646,648,D-054
31620,청,서울지방고용노동청,2465,서울특별시,동대문구,제기동,0,122,1213,D-055
31621,청,서울지방고용노동청,2466,서울특별시,동대문구,제기동,0,122,1144,D-055
31622,청,서울지방고용노동청,2467,서울특별시,동대문구,제기동,0,122,1212,D-055
31623,청,서울지방고용노동청,2468,서울특별시,동대문구,제기동,0,120,1142,D-055
31628,청,서울지방고용노동청,2471,서울특별시,동대문구,제기동,0,120,668,D-055
31630,청,서울지방고용노동청,2472,서울특별시,동대문구,제기동,0,122,677,D-055
31631,청,서울지방고용노동청,2473,서울특별시,동대문구,제기동,0,122,139,D-055
31632,청,서울지방고용노동청,2474,서울특별시,동대문구,제기동,0,67,160,D-055
31633,청,서울지방고용노동청,2475,서울특별시,동대문구,제기동,0,55,140,D-055
31634,청,서울지방고용노동청,2476,서울특별시,동대문구,제기동,0,52,252,D-055
31635,청,서울지방고용노동청,2477,서울특별시,동대문구,제기동,0,147,1154,D-055
31636,청,서울지방고용노동청,2478,서울특별시,동대문구,제기동,0,705,1210,D-055
31637,청,서울지방고용노동청,2479,서울특별시,동대문구,제기동,0,678,798,D-055
31638,청,서울지방고용노동청,2480,서울특별시,동대문구,제기동,0,285,389,D-055
31639,청,서울지방고용노동청,2481,서울특별시,동대문구,제기동,0,288,425,D-055
31640,청,서울지방고용노동청,2482,서울특별시,동대문구,제기동,0,345,855,D-055
31742,청,서울지방고용노동청,2568,서울특별시,동대문구,제기동,0,65,892,D-055
31743,청,서울지방고용노동청,2569,서울특별시,동대문구,제기동,0,55,1204,D-055
31744,청,서울지방고용노동청,2570,서울특별시,동대문구,제기동,0,65,1139,D-055
31745,청,서울지방고용노동청,2571,서울특별시,동대문구,제기동,0,65,1047,D-055
31746,청,서울지방고용노동청,2572,서울특별시,동대문구,제기동,0,65,657,D-055
31747,청,서울지방고용노동청,2573,서울특별시,동대문구,제기동,0,438,486,D-055
31749,청,서울지방고용노동청,2574,서울특별시,동대문구,제기동,0,148,1157,D-055
31750,청,서울지방고용노동청,2575,서울특별시,동대문구,제기동,0,250,271,D-055
31605,청,서울지방고용노동청,2455,서울특별시,동대문구,청량리동,0,207,949,D-056
31608,청,서울지방고용노동청,2456,서울특별시,동대문구,청량리동,0,205,206,D-056
31610,청,서울지방고용노동청,2457,서울특별시,동대문구,청량리동,0,206,206,D-056
31615,청,서울지방고용노동청,2461,서울특별시,동대문구,청량리동,0,7,14,D-056
31617,청,서울지방고용노동청,2462,서울특별시,동대문구,청량리동,0,2,61,D-056
31618,청,서울지방고용노동청,2463,서울특별시,동대문구,청량리동,0,59,60,D-056
31619,청,서울지방고용노동청,2464,서울특별시,동대문구,청량리동,0,61,944,D-056
31625,청,서울지방고용노동청,2469,서울특별시,동대문구,청량리동,0,205,205,D-056
31627,청,서울지방고용노동청,2470,서울특별시,동대문구,청량리동,0,203,520,D-056
31641,청,서울지방고용노동청,2483,서울특별시,동대문구,청량리동,0,496,687,D-056
31642,청,서울지방고용노동청,2484,서울특별시,동대문구,청량리동,0,213,447,D-056
31643,청,서울지방고용노동청,2485,서울특별시,동대문구,청량리동,0,209,442,D-056
31644,청,서울지방고용노동청,2486,서울특별시,동대문구,청량리동,0,229,234,D-056
31645,청,서울지방고용노동청,2487,서울특별시,동대문구,청량리동,0,44,57,D-056
31646,청,서울지방고용노동청,2488,서울특별시,동대문구,청량리동,0,30,52,D-056
31647,청,서울지방고용노동청,2489,서울특별시,동대문구,청량리동,0,235,235,D-056
31648,청,서울지방고용노동청,2490,서울특별시,동대문구,청량리동,0,235,819,D-056
31596,청,서울지방고용노동청,2447,서울특별시,동대문구,회기동,0,1,1,D-057
31603,청,서울지방고용노동청,2453,서울특별시,동대문구,회기동,0,1,54,D-057
31604,청,서울지방고용노동청,2454,서울특별시,동대문구,회기동,0,1,110,D-057
31612,청,서울지방고용노동청,2458,서울특별시,동대문구,회기동,0,101,103,D-057
31613,청,서울지방고용노동청,2459,서울특별시,동대문구,회기동,0,45,105,D-057
31614,청,서울지방고용노동청,2460,서울특별시,동대문구,회기동,0,45,351,D-057
31578,청,서울지방고용노동청,2430,서울특별시,동대문구,휘경동,0,178,198,D-057
31579,청,서울지방고용노동청,2431,서울특별시,동대문구,휘경동,0,97,178,D-057
31580,청,서울지방고용노동청,2432,서울특별시,동대문구,휘경동,0,100,163,D-057
31581,청,서울지방고용노동청,2433,서울특별시,동대문구,휘경동,0,119,373,D-057
31582,청,서울지방고용노동청,2434,서울특별시,동대문구,휘경동,0,372,372,D-057
31583,청,서울지방고용노동청,2435,서울특별시,동대문구,휘경동,0,112,146,D-057
31584,청,서울지방고용노동청,2436,서울특별시,동대문구,휘경동,0,42,261,D-057
31585,청,서울지방고용노동청,2437,서울특별시,동대문구,휘경동,0,108,243,D-057
31586,청,서울지방고용노동청,2438,서울특별시,동대문구,휘경동,0,192,267,D-057
31587,청,서울지방고용노동청,2439,서울특별시,동대문구,휘경동,0,262,369,D-057
31593,청,서울지방고용노동청,2444,서울특별시,동대문구,휘경동,0,183,191,D-057
31594,청,서울지방고용노동청,2445,서울특별시,동대문구,휘경동,0,183,322,D-057
31595,청,서울지방고용노동청,2446,서울특별시,동대문구,휘경동,0,317,343,D-057
31654,청,서울지방고용노동청,2494,서울특별시,동대문구,휘경동,0,312,317,D-058
31655,청,서울지방고용노동청,2495,서울특별시,동대문구,휘경동,0,281,312,D-058
31656,청,서울지방고용노동청,2496,서울특별시,동대문구,휘경동,0,255,308,D-058
31657,청,서울지방고용노동청,2497,서울특별시,동대문구,휘경동,0,281,295,D-058
31658,청,서울지방고용노동청,2498,서울특별시,동대문구,휘경동,0,286,294,D-058
31659,청,서울지방고용노동청,2499,서울특별시,동대문구,휘경동,0,255,286,D-058
31660,청,서울지방고용노동청,2500,서울특별시,동대문구,휘경동,0,29,283,D-058
31661,청,서울지방고용노동청,2501,서울특별시,동대문구,휘경동,0,28,368,D-058
31662,청,서울지방고용노동청,2502,서울특별시,동대문구,휘경동,0,367,367,D-058
31674,청,서울지방고용노동청,2510,서울특별시,동대문구,휘경동,0,7,361,D-058
31675,청,서울지방고용노동청,2511,서울특별시,동대문구,휘경동,0,43,366,D-058
31679,청,서울지방고용노동청,2513,서울특별시,동대문구,휘경동,0,49,365,D-058
31850,지청,서울북부지청,2714,서울특별시,성북구,길음동,0,635,1280,D-059
31851,지청,서울북부지청,2715,서울특별시,성북구,길음동,0,1280,1287,D-059
31857,지청,서울북부지청,2720,서울특별시,성북구,길음동,0,1277,1284,D-059
31858,지청,서울북부지청,2721,서울특별시,성북구,길음동,0,535,1286,D-059
31860,지청,서울북부지청,2722,서울특별시,성북구,길음동,0,876,876,D-059
31861,지청,서울북부지청,2723,서울특별시,성북구,길음동,0,635,1281,D-059
31862,지청,서울북부지청,2724,서울특별시,성북구,길음동,0,1168,1282,D-059
31863,지청,서울북부지청,2725,서울특별시,성북구,길음동,0,507,1283,D-059
31864,지청,서울북부지청,2726,서울특별시,성북구,길음동,0,1104,1278,D-059
31865,지청,서울북부지청,2727,서울특별시,성북구,길음동,0,487,1263,D-059
31866,지청,서울북부지청,2729,서울특별시,성북구,길음동,0,21,864,D-059
31867,지청,서울북부지청,2730,서울특별시,성북구,길음동,0,20,938,D-059
31868,지청,서울북부지청,2731,서울특별시,성북구,길음동,0,905,1156,D-059
31869,지청,서울북부지청,2732,서울특별시,성북구,길음동,0,518,1163,D-059
31872,지청,서울북부지청,2735,서울특별시,성북구,길음동,0,877,1276,D-059
31949,지청,서울북부지청,2801,서울특별시,성북구,돈암동,0,1,637,D-060
31950,지청,서울북부지청,2802,서울특별시,성북구,돈암동,0,2,2,D-060
31956,지청,서울북부지청,2806,서울특별시,성북구,돈암동,0,2,633,D-060
31957,지청,서울북부지청,2807,서울특별시,성북구,돈암동,0,12,643,D-060
31959,지청,서울북부지청,2808,서울특별시,성북구,돈암동,0,74,632,D-060
31972,지청,서울북부지청,2817,서울특별시,성북구,돈암동,0,30,49,D-060
31977,지청,서울북부지청,2820,서울특별시,성북구,돈암동,1,85,85,D-060
31980,지청,서울북부지청,2821,서울특별시,성북구,돈암동,0,593,593,D-060
31989,지청,서울북부지청,2825,서울특별시,성북구,돈암동,0,593,606,D-060
31990,지청,서울북부지청,2826,서울특별시,성북구,돈암동,0,524,644,D-060
31995,지청,서울북부지청,2827,서울특별시,성북구,돈암동,0,407,639,D-060
31998,지청,서울북부지청,2828,서울특별시,성북구,돈암동,0,42,636,D-060
32001,지청,서울북부지청,2829,서울특별시,성북구,돈암동,0,51,641,D-060
32004,지청,서울북부지청,2830,서울특별시,성북구,돈암동,0,578,578,D-060
32007,지청,서울북부지청,2831,서울특별시,성북구,돈암동,0,606,609,D-060
32020,지청,서울북부지청,2840,서울특별시,성북구,돈암동,0,74,632,D-060
32029,지청,서울북부지청,2844,서울특별시,성북구,돈암동,0,173,173,D-060
32032,지청,서울북부지청,2845,서울특별시,성북구,동선동1가,0,1,124,D-060
32038,지청,서울북부지청,2849,서울특별시,성북구,동선동2가,0,1,140,D-060
32009,지청,서울북부지청,2833,서울특별시,성북구,동소문동1가,0,1,140,D-060
32011,지청,서울북부지청,2834,서울특별시,성북구,동소문동1가,0,1,140,D-060
32055,지청,서울북부지청,2860,서울특별시,성북구,동소문동2가,0,1,301,D-060
32008,지청,서울북부지청,2832,서울특별시,성북구,동소문동4가,0,1,280,D-060
32035,지청,서울북부지청,2846,서울특별시,성북구,동소문동5가,0,3,120,D-060
32041,지청,서울북부지청,2851,서울특별시,성북구,보문동1가,0,1,146,D-061
32042,지청,서울북부지청,2852,서울특별시,성북구,보문동1가,0,147,226,D-061
32072,지청,서울북부지청,2871,서울특별시,성북구,보문동2가,0,1,105,D-061
32073,지청,서울북부지청,2872,서울특별시,성북구,보문동2가,0,106,229,D-061
32070,지청,서울북부지청,2870,서울특별시,성북구,보문동3가,0,1,2,D-061
32080,지청,서울북부지청,2874,서울특별시,성북구,보문동3가,0,51,230,D-061
32053,지청,서울북부지청,2859,서울특별시,성북구,보문동4가,0,86,115,D-061
32077,지청,서울북부지청,2873,서울특별시,성북구,보문동5가,0,212,262,D-061
32063,지청,서울북부지청,2865,서울특별시,성북구,삼선동1가,0,25,282,D-061
32064,지청,서울북부지청,2866,서울특별시,성북구,삼선동1가,0,1,276,D-061
32065,지청,서울북부지청,2867,서울특별시,성북구,삼선동1가,0,274,288,D-061
32084,지청,서울북부지청,2877,서울특별시,성북구,삼선동1가,0,289,308,D-061
32058,지청,서울북부지청,2861,서울특별시,성북구,삼선동2가,0,6,106,D-061
32062,지청,서울북부지청,2864,서울특별시,성북구,삼선동2가,0,38,276,D-061
32067,지청,서울북부지청,2868,서울특별시,성북구,삼선동2가,0,200,403,D-061
32082,지청,서울북부지청,2875,서울특별시,성북구,삼선동2가,0,420,425,D-061
32083,지청,서울북부지청,2876,서울특별시,성북구,삼선동2가,0,389,391,D-061
32061,지청,서울북부지청,2863,서울특별시,성북구,삼선동3가,0,1,116,D-061
32069,지청,서울북부지청,2869,서울특별시,성북구,삼선동3가,0,115,115,D-061
32036,지청,서울북부지청,2847,서울특별시,성북구,삼선동4가,0,349,375,D-061
32037,지청,서울북부지청,2848,서울특별시,성북구,삼선동5가,0,301,411,D-061
32060,지청,서울북부지청,2862,서울특별시,성북구,삼선동5가,0,1,299,D-061
31887,지청,서울북부지청,2748,서울특별시,성북구,상월곡동,0,60,86,D-062
31895,지청,서울북부지청,2752,서울특별시,성북구,상월곡동,0,28,57,D-062
31897,지청,서울북부지청,2753,서울특별시,성북구,상월곡동,0,101,101,D-062
31918,지청,서울북부지청,2773,서울특별시,성북구,상월곡동,0,7,36,D-062
31936,지청,서울북부지청,2791,서울특별시,성북구,상월곡동,0,23,53,D-062
31940,지청,서울북부지청,2793,서울특별시,성북구,상월곡동,0,97,97,D-062
31916,지청,서울북부지청,2772,서울특별시,성북구,석관동,0,349,349,D-062
31925,지청,서울북부지청,2780,서울특별시,성북구,석관동,0,10,382,D-062
31926,지청,서울북부지청,2781,서울특별시,성북구,석관동,0,110,385,D-062
31927,지청,서울북부지청,2782,서울특별시,성북구,석관동,0,42,404,D-062
31928,지청,서울북부지청,2783,서울특별시,성북구,석관동,0,124,389,D-062
31929,지청,서울북부지청,2784,서울특별시,성북구,석관동,0,65,391,D-062
31930,지청,서울북부지청,2785,서울특별시,성북구,석관동,0,57,332,D-062
31931,지청,서울북부지청,2786,서울특별시,성북구,석관동,0,405,410,D-062
31932,지청,서울북부지청,2787,서울특별시,성북구,석관동,0,248,371,D-062
31933,지청,서울북부지청,2788,서울특별시,성북구,석관동,0,261,332,D-062
31934,지청,서울북부지청,2789,서울특별시,성북구,석관동,0,261,409,D-062
31935,지청,서울북부지청,2790,서울특별시,성북구,석관동,0,338,408,D-062
31984,지청,서울북부지청,2822,서울특별시,성북구,성북동,0,15,330,D-063
31986,지청,서울북부지청,2823,서울특별시,성북구,성북동,0,2,43,D-063
31987,지청,서울북부지청,2824,서울특별시,성북구,성북동,0,1,145,D-063
32014,지청,서울북부지청,2835,서울특별시,성북구,성북동,0,145,177,D-063
32015,지청,서울북부지청,2836,서울특별시,성북구,성북동,0,1,145,D-063
32016,지청,서울북부지청,2837,서울특별시,성북구,성북동,0,25,325,D-063
32018,지청,서울북부지청,2838,서울특별시,성북구,성북동,0,25,352,D-063
32019,지청,서울북부지청,2839,서울특별시,성북구,성북동,0,13,321,D-063
32086,지청,서울북부지청,2878,서울특별시,성북구,성북동,0,226,350,D-063
32088,지청,서울북부지청,2879,서울특별시,성북구,성북동,0,103,351,D-063
32090,지청,서울북부지청,2880,서울특별시,성북구,성북동,0,122,193,D-063
32027,지청,서울북부지청,2843,서울특별시,성북구,안암동1가,0,317,361,D-064
32039,지청,서울북부지청,2850,서울특별시,성북구,안암동1가,0,1,316,D-064
32044,지청,서울북부지청,2853,서울특별시,성북구,안암동2가,0,140,160,D-064
32051,지청,서울북부지청,2858,서울특별시,성북구,안암동3가,0,57,137,D-064
32049,지청,서울북부지청,2857,서울특별시,성북구,안암동4가,0,23,48,D-064
32023,지청,서울북부지청,2841,서울특별시,성북구,안암동5가,0,1,126,D-064
32025,지청,서울북부지청,2842,서울특별시,성북구,안암동5가,0,1,163,D-064
32046,지청,서울북부지청,2854,서울특별시,성북구,안암동5가,0,136,136,D-064
32047,지청,서울북부지청,2855,서울특별시,성북구,안암동5가,0,102,146,D-064
32048,지청,서울북부지청,2856,서울특별시,성북구,안암동5가,0,34,104,D-064
31880,지청,서울북부지청,2742,서울특별시,성북구,장위동,0,231,231,D-065
31881,지청,서울북부지청,2743,서울특별시,성북구,장위동,0,231,231,D-065
31882,지청,서울북부지청,2744,서울특별시,성북구,장위동,0,233,233,D-065
31884,지청,서울북부지청,2745,서울특별시,성북구,장위동,0,233,233,D-065
31885,지청,서울북부지청,2746,서울특별시,성북구,장위동,0,68,246,D-065
31886,지청,서울북부지청,2747,서울특별시,성북구,장위동,0,68,269,D-065
31899,지청,서울북부지청,2754,서울특별시,성북구,장위동,0,214,315,D-065
31900,지청,서울북부지청,2755,서울특별시,성북구,장위동,0,219,283,D-065
31901,지청,서울북부지청,2756,서울특별시,성북구,장위동,0,225,283,D-065
31902,지청,서울북부지청,2757,서울특별시,성북구,장위동,0,296,319,D-065
31903,지청,서울북부지청,2758,서울특별시,성북구,장위동,0,176,316,D-065
31904,지청,서울북부지청,2759,서울특별시,성북구,장위동,0,164,316,D-065
31905,지청,서울북부지청,2760,서울특별시,성북구,장위동,0,158,270,D-065
31906,지청,서울북부지청,2762,서울특별시,성북구,장위동,0,197,206,D-065
31907,지청,서울북부지청,2763,서울특별시,성북구,장위동,0,77,275,D-065
31908,지청,서울북부지청,2764,서울특별시,성북구,장위동,0,82,140,D-065
31909,지청,서울북부지청,2765,서울특별시,성북구,장위동,0,74,91,D-065
31910,지청,서울북부지청,2766,서울특별시,성북구,장위동,0,75,270,D-065
31911,지청,서울북부지청,2767,서울특별시,성북구,장위동,0,75,238,D-065
31912,지청,서울북부지청,2768,서울특별시,성북구,장위동,0,74,240,D-065
31913,지청,서울북부지청,2769,서울특별시,성북구,장위동,0,68,272,D-065
31914,지청,서울북부지청,2770,서울특별시,성북구,장위동,0,66,280,D-065
31915,지청,서울북부지청,2771,서울특별시,성북구,장위동,0,64,66,D-065
31920,지청,서울북부지청,2774,서울특별시,성북구,장위동,0,115,117,D-065
31921,지청,서울북부지청,2775,서울특별시,성북구,장위동,0,43,60,D-065
31922,지청,서울북부지청,2776,서울특별시,성북구,장위동,0,45,64,D-065
31923,지청,서울북부지청,2778,서울특별시,성북구,장위동,0,16,270,D-065
31924,지청,서울북부지청,2779,서울특별시,성북구,장위동,0,3,270,D-065
31827,지청,서울북부지청,2700,서울특별시,성북구,정릉동,0,788,1052,D-066
31829,지청,서울북부지청,2701,서울특별시,성북구,정릉동,0,231,1021,D-066
31831,지청,서울북부지청,2702,서울특별시,성북구,정릉동,0,239,1031,D-066
31832,지청,서울북부지청,2703,서울특별시,성북구,정릉동,0,962,962,D-066
31834,지청,서울북부지청,2704,서울특별시,성북구,정릉동,0,763,1029,D-066
31836,지청,서울북부지청,2705,서울특별시,성북구,정릉동,0,295,995,D-066
31838,지청,서울북부지청,2706,서울특별시,성북구,정릉동,0,727,847,D-066
31839,지청,서울북부지청,2707,서울특별시,성북구,정릉동,0,590,1000,D-066
31841,지청,서울북부지청,2708,서울특별시,성북구,정릉동,0,653,995,D-066
31843,지청,서울북부지청,2709,서울특별시,성북구,정릉동,0,282,995,D-066
31845,지청,서울북부지청,2710,서울특별시,성북구,정릉동,0,373,1036,D-066
31846,지청,서울북부지청,2711,서울특별시,성북구,정릉동,0,252,1028,D-066
31847,지청,서울북부지청,2712,서울특별시,성북구,정릉동,0,239,1028,D-066
31848,지청,서울북부지청,2713,서울특별시,성북구,정릉동,0,227,1027,D-066
31852,지청,서울북부지청,2716,서울특별시,성북구,정릉동,0,192,1013,D-066
31853,지청,서울북부지청,2717,서울특별시,성북구,정릉동,0,226,410,D-066
31855,지청,서울북부지청,2718,서울특별시,성북구,정릉동,0,160,414,D-066
31856,지청,서울북부지청,2719,서울특별시,성북구,정릉동,0,170,1034,D-066
31965,지청,서울북부지청,2812,서울특별시,성북구,정릉동,0,640,1054,D-066
31967,지청,서울북부지청,2813,서울특별시,성북구,정릉동,0,426,1032,D-066
31969,지청,서울북부지청,2814,서울특별시,성북구,정릉동,0,106,971,D-066
31970,지청,서울북부지청,2815,서울특별시,성북구,정릉동,0,16,1025,D-066
31971,지청,서울북부지청,2816,서울특별시,성북구,정릉동,0,14,16,D-066
31975,지청,서울북부지청,2818,서울특별시,성북구,정릉동,0,16,1035,D-066
31976,지청,서울북부지청,2819,서울특별시,성북구,정릉동,0,1020,1020,D-066
31943,지청,서울북부지청,2795,서울특별시,성북구,종암동,0,1,3,D-067
31944,지청,서울북부지청,2796,서울특별시,성북구,종암동,0,3,30,D-067
31945,지청,서울북부지청,2797,서울특별시,성북구,종암동,0,3,132,D-067
31946,지청,서울북부지청,2798,서울특별시,성북구,종암동,0,104,135,D-067
31947,지청,서울북부지청,2799,서울특별시,성북구,종암동,0,110,134,D-067
31948,지청,서울북부지청,2800,서울특별시,성북구,종암동,0,7,14,D-067
31952,지청,서울북부지청,2803,서울특별시,성북구,종암동,0,3,86,D-067
31953,지청,서울북부지청,2804,서울특별시,성북구,종암동,0,55,133,D-067
31954,지청,서울북부지청,2805,서울특별시,성북구,종암동,0,54,126,D-067
31961,지청,서울북부지청,2809,서울특별시,성북구,종암동,0,32,54,D-067
31963,지청,서울북부지청,2810,서울특별시,성북구,종암동,0,17,131,D-067
31964,지청,서울북부지청,2811,서울특별시,성북구,종암동,0,22,128,D-067
31870,지청,서울북부지청,2733,서울특별시,성북구,하월곡동,0,88,216,D-068
31871,지청,서울북부지청,2734,서울특별시,성북구,하월곡동,0,88,230,D-068
31874,지청,서울북부지청,2736,서울특별시,성북구,하월곡동,0,84,186,D-068
31875,지청,서울북부지청,2737,서울특별시,성북구,하월곡동,0,70,100,D-068
31876,지청,서울북부지청,2738,서울특별시,성북구,하월곡동,0,70,100,D-068
31877,지청,서울북부지청,2739,서울특별시,성북구,하월곡동,0,90,218,D-068
31878,지청,서울북부지청,2740,서울특별시,성북구,하월곡동,0,67,219,D-068
31879,지청,서울북부지청,2741,서울특별시,성북구,하월곡동,0,77,225,D-068
31891,지청,서울북부지청,2749,서울특별시,성북구,하월곡동,0,228,228,D-068
31892,지청,서울북부지청,2750,서울특별시,성북구,하월곡동,0,222,222,D-068
31894,지청,서울북부지청,2751,서울특별시,성북구,하월곡동,0,16,227,D-068
31939,지청,서울북부지청,2792,서울특별시,성북구,하월곡동,0,39,39,D-068
31942,지청,서울북부지청,2794,서울특별시,성북구,하월곡동,0,224,226,D-068
